symptom_text,specialty,urgency,cleaned_text
"Відчуваю, що око сильно сльозиться і пече, лопнули капіляри",ophthalmologist,medium,відчуваю що око сильно сльозиться і пече лопнули капіляри
"У мого родича ангіна, білий наліт на мигдаликах, важко ковтати",otolaryngologist,medium,у мого родича ангіна білий наліт на мигдаликах важко ковтати
"Температура 38.5, кашель і озноб",therapist,medium,температура 38 5 кашель і озноб
"Підкажіть, що робити, якщо гострий ріжучий біль в правому боці живота, нудота",surgeon,high,підкажіть що робити якщо гострий ріжучий біль в правому боці живота нудота
"Вже кілька днів червона висипка на тілі, яка сильно чешеться",dermatologist,medium,вже кілька днів червона висипка на тілі яка сильно чешеться
"Скажіть, будь ласка, чому сильно набряк палець, пульсує і виділяється гній",surgeon,medium,скажіть будь ласка чому сильно набряк палець пульсує і виділяється гній
"Допоможіть, скаче пульс після кави або чаю",cardiologist,low,допоможіть скаче пульс після кави або чаю
"Допоможіть, важкість у шлунку та постійне здуття живота",gastroenterologist,low,допоможіть важкість у шлунку та постійне здуття живота
"Допоможіть, печія після жирної їжі, легка гіркота в роті",gastroenterologist,low,допоможіть печія після жирної їжі легка гіркота в роті
"У мене у немовляти температура 39, не збивається нурофеном",pediatrician,high,у мене у немовляти температура 39 не збивається нурофеном
"Вже кілька днів нудота після їжі, кисла відрижка вже кілька днів",gastroenterologist,medium,вже кілька днів нудота після їжі кисла відрижка вже кілька днів
"Вже кілька днів сильно набряк палець, пульсує і виділяється гній",surgeon,medium,вже кілька днів сильно набряк палець пульсує і виділяється гній
"Сильно турбує те, що різі при сечовипусканні, тягне внизу живота",urologist,medium,сильно турбує те що різі при сечовипусканні тягне внизу живота
"У мене око сильно сльозиться і пече, лопнули капіляри",ophthalmologist,medium,у мене око сильно сльозиться і пече лопнули капіляри
Раптово почалося: болить плече або м'язи після тренування в залі,traumatologist,low,раптово почалося болить плече або м язи після тренування в залі
"У мого родича фурункул запалився, набряк, гарячий на дотик",dermatologist,high,у мого родича фурункул запалився набряк гарячий на дотик
"Відчуваю, що незначні перепади тиску вечорами",cardiologist,low,відчуваю що незначні перепади тиску вечорами
У мене постійний шум у вухах і темніє в очах,neurologist,medium,у мене постійний шум у вухах і темніє в очах
"У мого родича коліки в животі, метеоризм, ріже навколо пупка",gastroenterologist,medium,у мого родича коліки в животі метеоризм ріже навколо пупка
"У мене невелика гуля на спині, жировик під шкірою",surgeon,low,у мене невелика гуля на спині жировик під шкірою
"Підкажіть, що робити, якщо кривава блювота або чорний стілець, гострий спазм",gastroenterologist,high,підкажіть що робити якщо кривава блювота або чорний стілець гострий спазм
"Сильно турбує те, що температура піднялася до 40, сильно знобить",therapist,high,сильно турбує те що температура піднялася до 40 сильно знобить
"У мого родича температура 38.5, кашель і озноб",therapist,medium,у мого родича температура 38 5 кашель і озноб
"Раптово почалося: часті походи в туалет, але без болю",urologist,low,раптово почалося часті походи в туалет але без болю
"Вже кілька днів сильна носова кровотеча, яка йде вже півгодини",otolaryngologist,high,вже кілька днів сильна носова кровотеча яка йде вже півгодини
"Сильно турбує те, що нестерпний біль у шлунку, сильне отруєння та діарея",gastroenterologist,high,сильно турбує те що нестерпний біль у шлунку сильне отруєння та діарея
"Підкажіть, що робити, якщо періодичний ниючий біль у ділянці попереку",urologist,low,підкажіть що робити якщо періодичний ниючий біль у ділянці попереку
"Раптово почалося: відкритий перелом, рука крива, сильний біль і шок",traumatologist,high,раптово почалося відкритий перелом рука крива сильний біль і шок
"У мого родича часті перепади настрою, збільшилася щитовидна залоза",endocrinologist,medium,у мого родича часті перепади настрою збільшилася щитовидна залоза
"Підкажіть, що робити, якщо періодично закладає одне вухо після басейну",otolaryngologist,low,підкажіть що робити якщо періодично закладає одне вухо після басейну
"Скажіть, будь ласка, чому водянисті пухирі на ногах після алергії",dermatologist,medium,скажіть будь ласка чому водянисті пухирі на ногах після алергії
"У мене підозра на пупкову грижу, випинання болить",surgeon,medium,у мене підозра на пупкову грижу випинання болить
"Допоможіть, дитина задихається від гавкаючого кашлю, синіють губи",pediatrician,high,допоможіть дитина задихається від гавкаючого кашлю синіють губи
"Допоможіть, болить плече або м'язи після тренування в залі",traumatologist,low,допоможіть болить плече або м язи після тренування в залі
"Підкажіть, що робити, якщо стара родимка змінила форму та потемніла",dermatologist,medium,підкажіть що робити якщо стара родимка змінила форму та потемніла
"У мого родича очі почервоніли, закисають зранку, виділяється гній",ophthalmologist,medium,у мого родича очі почервоніли закисають зранку виділяється гній
"Запалився лімфовузол під пахвою, боляче торкатися",surgeon,medium,запалився лімфовузол під пахвою боляче торкатися
"Підкажіть, що робити, якщо сильне серцебиття, тремтять руки, постійно жарко",endocrinologist,medium,підкажіть що робити якщо сильне серцебиття тремтять руки постійно жарко
"Скажіть, будь ласка, чому фурункул запалився, набряк, гарячий на дотик",dermatologist,high,скажіть будь ласка чому фурункул запалився набряк гарячий на дотик
"Сухий кашель, важко вдихнути повітря, хрипи в легенях",therapist,high,сухий кашель важко вдихнути повітря хрипи в легенях
У мого родича ниючий біль у шиї після роботи за комп'ютером,neurologist,low,у мого родича ниючий біль у шиї після роботи за комп ютером
"У мене сильний набряк повіки, вискочив великий ячмінь",ophthalmologist,medium,у мене сильний набряк повіки вискочив великий ячмінь
"У мого родича часті походи в туалет, але без болю",urologist,low,у мого родича часті походи в туалет але без болю
"Прискорене серцебиття, пульс 110 в стані спокою",cardiologist,medium,прискорене серцебиття пульс 110 в стані спокою
"Відчуваю, що підвернув ногу, є невеликий набряк, але ходити можу",traumatologist,medium,відчуваю що підвернув ногу є невеликий набряк але ходити можу
"Відчуваю, що відняло ліву ногу, сильне оніміння половини тіла",neurologist,high,відчуваю що відняло ліву ногу сильне оніміння половини тіла
"У мого родича сильно набряк палець, пульсує і виділяється гній",surgeon,medium,у мого родича сильно набряк палець пульсує і виділяється гній
"Сильно турбує те, що помітив кров у сечі, сильний біль у ділянці паху",urologist,high,сильно турбує те що помітив кров у сечі сильний біль у ділянці паху
"У мого родича у дитини кашель, соплі, але температури немає",pediatrician,medium,у мого родича у дитини кашель соплі але температури немає
"Підкажіть, що робити, якщо пропав нюх через хронічний нежить",otolaryngologist,low,підкажіть що робити якщо пропав нюх через хронічний нежить
"Сильно турбує те, що постійна втома, немає сил зранку",therapist,low,сильно турбує те що постійна втома немає сил зранку
"Підкажіть, що робити, якщо печія після жирної їжі, легка гіркота в роті",gastroenterologist,low,підкажіть що робити якщо печія після жирної їжі легка гіркота в роті
"Допоможіть, сильне серцебиття, тремтять руки, постійно жарко",endocrinologist,medium,допоможіть сильне серцебиття тремтять руки постійно жарко
Вже кілька днів швидко втомлюються очі під час роботи за монітором,ophthalmologist,low,вже кілька днів швидко втомлюються очі під час роботи за монітором
"Допоможіть, температура піднялася до 40, сильно знобить",therapist,high,допоможіть температура піднялася до 40 сильно знобить
Легке запаморочення при різкому підйомі,neurologist,low,легке запаморочення при різкому підйомі
У мого родича стара родимка змінила форму та потемніла,dermatologist,medium,у мого родича стара родимка змінила форму та потемніла
"Допоможіть, часті перепади настрою, збільшилася щитовидна залоза",endocrinologist,medium,допоможіть часті перепади настрою збільшилася щитовидна залоза
"У мене очі почервоніли, закисають зранку, виділяється гній",ophthalmologist,medium,у мене очі почервоніли закисають зранку виділяється гній
"Раптово зник зір на одному оці, гострий біль всередині",ophthalmologist,high,раптово зник зір на одному оці гострий біль всередині
"Вже кілька днів дитина задихається від гавкаючого кашлю, синіють губи",pediatrician,high,вже кілька днів дитина задихається від гавкаючого кашлю синіють губи
"Болить шлунок натщесерце, ниючий біль під ребрами",gastroenterologist,medium,болить шлунок натщесерце ниючий біль під ребрами
У мене швидко втомлюються очі під час роботи за монітором,ophthalmologist,low,у мене швидко втомлюються очі під час роботи за монітором
"Підкажіть, що робити, якщо підвернув ногу, є невеликий набряк, але ходити можу",traumatologist,medium,підкажіть що робити якщо підвернув ногу є невеликий набряк але ходити можу
"Підкажіть, що робити, якщо тисне серце, біль віддає в ліву руку та щелепу",cardiologist,high,підкажіть що робити якщо тисне серце біль віддає в ліву руку та щелепу
Раптово почалося: сухість рук та тріщини на пальцях,dermatologist,low,раптово почалося сухість рук та тріщини на пальцях
"Різко почало випадати волосся, нігті ламаються",endocrinologist,low,різко почало випадати волосся нігті ламаються
"Відчуваю, що важкість у шлунку та постійне здуття живота",gastroenterologist,low,відчуваю що важкість у шлунку та постійне здуття живота
"Відчуваю, що іноді покалює зліва в грудях під час ходьби",cardiologist,low,відчуваю що іноді покалює зліва в грудях під час ходьби
"Сильно турбує те, що стріляє у вусі, заклало ніс, болять пазухи",otolaryngologist,medium,сильно турбує те що стріляє у вусі заклало ніс болять пазухи
"Сильно турбує те, що відкритий перелом, рука крива, сильний біль і шок",traumatologist,high,сильно турбує те що відкритий перелом рука крива сильний біль і шок
"Підкажіть, що робити, якщо помітив кров у сечі, сильний біль у ділянці паху",urologist,high,підкажіть що робити якщо помітив кров у сечі сильний біль у ділянці паху
Раптово почалося: ниючий біль у шиї після роботи за комп'ютером,neurologist,low,раптово почалося ниючий біль у шиї після роботи за комп ютером
"Скажіть, будь ласка, чому відкритий перелом, рука крива, сильний біль і шок",traumatologist,high,скажіть будь ласка чому відкритий перелом рука крива сильний біль і шок
"Вже кілька днів сухий кашель, важко вдихнути повітря, хрипи в легенях",therapist,high,вже кілька днів сухий кашель важко вдихнути повітря хрипи в легенях
"Підкажіть, що робити, якщо водянисті пухирі на ногах після алергії",dermatologist,medium,підкажіть що робити якщо водянисті пухирі на ногах після алергії
"Раптово почалося: ломить суглоби, застудився під кондиціонером",therapist,medium,раптово почалося ломить суглоби застудився під кондиціонером
"У мене сильний удар ліктя, рука опухла і посиніла",traumatologist,medium,у мене сильний удар ліктя рука опухла і посиніла
"Вже кілька днів ангіна, білий наліт на мигдаликах, важко ковтати",otolaryngologist,medium,вже кілька днів ангіна білий наліт на мигдаликах важко ковтати
"Допоможіть, у немовляти температура 39, не збивається нурофеном",pediatrician,high,допоможіть у немовляти температура 39 не збивається нурофеном
"Раптово почалося: діабетична криза, втрата свідомості, різкий запах ацетону",endocrinologist,high,раптово почалося діабетична криза втрата свідомості різкий запах ацетону
"Сильно турбує те, що часті походи в туалет, але без болю",urologist,low,сильно турбує те що часті походи в туалет але без болю
"Вже кілька днів відняло ліву ногу, сильне оніміння половини тіла",neurologist,high,вже кілька днів відняло ліву ногу сильне оніміння половини тіла
"У мого родича ниючий біль у попереку, важко нахилятися",neurologist,medium,у мого родича ниючий біль у попереку важко нахилятися
"Відчуваю, що задишка при мінімальних фізичних навантаженнях",cardiologist,medium,відчуваю що задишка при мінімальних фізичних навантаженнях
"Допоможіть, впав, підозра на тріщину в ребрі, боляче дихати",traumatologist,medium,допоможіть впав підозра на тріщину в ребрі боляче дихати
"У мого родича біль у нирках, підвищилася температура до 38",urologist,medium,у мого родича біль у нирках підвищилася температура до 38
Вже кілька днів врослий ніготь на великому пальці ноги,surgeon,low,вже кілька днів врослий ніготь на великому пальці ноги
У мого родича задишка при мінімальних фізичних навантаженнях,cardiologist,medium,у мого родича задишка при мінімальних фізичних навантаженнях
"Допоможіть, різі при сечовипусканні, тягне внизу живота",urologist,medium,допоможіть різі при сечовипусканні тягне внизу живота
"Вже кілька днів часті походи в туалет, але без болю",urologist,low,вже кілька днів часті походи в туалет але без болю
"Вже кілька днів ниючий біль у попереку, важко нахилятися",neurologist,medium,вже кілька днів ниючий біль у попереку важко нахилятися
Раптово почалося: дитині потрібен плановий огляд та довідка в садочок,pediatrician,low,раптово почалося дитині потрібен плановий огляд та довідка в садочок
"Температура піднялася до 40, сильно знобить",therapist,high,температура піднялася до 40 сильно знобить
"Вже кілька днів підвернув ногу, є невеликий набряк, але ходити можу",traumatologist,medium,вже кілька днів підвернув ногу є невеликий набряк але ходити можу
"Скажіть, будь ласка, чому дуже лущиться шкіра на обличчі",dermatologist,low,скажіть будь ласка чому дуже лущиться шкіра на обличчі
"Сильно турбує те, що у дитини кашель, соплі, але температури немає",pediatrician,medium,сильно турбує те що у дитини кашель соплі але температури немає
"Раптово почалося: нудота після їжі, кисла відрижка вже кілька днів",gastroenterologist,medium,раптово почалося нудота після їжі кисла відрижка вже кілька днів
"У мене фурункул запалився, набряк, гарячий на дотик",dermatologist,high,у мене фурункул запалився набряк гарячий на дотик
"Відчуваю, що стороннє тіло у дихальних шляхах, дитина задихається",otolaryngologist,high,відчуваю що стороннє тіло у дихальних шляхах дитина задихається
"Відчуваю, що температура піднялася до 40, сильно знобить",therapist,high,відчуваю що температура піднялася до 40 сильно знобить
"Підкажіть, що робити, якщо швидко втомлюються очі під час роботи за монітором",ophthalmologist,low,підкажіть що робити якщо швидко втомлюються очі під час роботи за монітором
У мого родича періодично закладає одне вухо після басейну,otolaryngologist,low,у мого родича періодично закладає одне вухо після басейну
Водянисті пухирі на ногах після алергії,dermatologist,medium,водянисті пухирі на ногах після алергії
"У мене стріляє у вусі, заклало ніс, болять пазухи",otolaryngologist,medium,у мене стріляє у вусі заклало ніс болять пазухи
"Допоможіть, діабетична криза, втрата свідомості, різкий запах ацетону",endocrinologist,high,допоможіть діабетична криза втрата свідомості різкий запах ацетону
"Скажіть, будь ласка, чому сильний набряк повіки, вискочив великий ячмінь",ophthalmologist,medium,скажіть будь ласка чому сильний набряк повіки вискочив великий ячмінь
"Допоможіть, болить шлунок натщесерце, ниючий біль під ребрами",gastroenterologist,medium,допоможіть болить шлунок натщесерце ниючий біль під ребрами
"Сильно турбує те, що водянисті пухирі на ногах після алергії",dermatologist,medium,сильно турбує те що водянисті пухирі на ногах після алергії
"Допоможіть, невелика гуля на спині, жировик під шкірою",surgeon,low,допоможіть невелика гуля на спині жировик під шкірою
"Сильно турбує те, що важкість у шлунку та постійне здуття живота",gastroenterologist,low,сильно турбує те що важкість у шлунку та постійне здуття живота
"Скажіть, будь ласка, чому втрата голосу, сильний гавкаючий кашель і біль у горлі",otolaryngologist,medium,скажіть будь ласка чому втрата голосу сильний гавкаючий кашель і біль у горлі
"Відчуваю, що почав гірше бачити текст вдалині, розмиваються літери",ophthalmologist,low,відчуваю що почав гірше бачити текст вдалині розмиваються літери
"Високий тиск 150 на 90, крутиться голова",cardiologist,medium,високий тиск 150 на 90 крутиться голова
"Раптово почалося: нагноєння старої подряпини, легкий набряк",surgeon,low,раптово почалося нагноєння старої подряпини легкий набряк
"Підкажіть, що робити, якщо коліки в животі, метеоризм, ріже навколо пупка",gastroenterologist,medium,підкажіть що робити якщо коліки в животі метеоризм ріже навколо пупка
"Допоможіть, швидко втомлюються очі під час роботи за монітором",ophthalmologist,low,допоможіть швидко втомлюються очі під час роботи за монітором
"Скажіть, будь ласка, чому помітив кров у сечі, сильний біль у ділянці паху",urologist,high,скажіть будь ласка чому помітив кров у сечі сильний біль у ділянці паху
"Відчуваю, що сухий кашель, важко вдихнути повітря, хрипи в легенях",therapist,high,відчуваю що сухий кашель важко вдихнути повітря хрипи в легенях
"Сильно турбує те, що запалення сечового міхура, цистит, дискомфорт",urologist,medium,сильно турбує те що запалення сечового міхура цистит дискомфорт
"Скажіть, будь ласка, чому легке запаморочення при різкому підйомі",neurologist,low,скажіть будь ласка чому легке запаморочення при різкому підйомі
"Допоможіть, підозра на пупкову грижу, випинання болить",surgeon,medium,допоможіть підозра на пупкову грижу випинання болить
"Допоможіть, нестерпний біль у шлунку, сильне отруєння та діарея",gastroenterologist,high,допоможіть нестерпний біль у шлунку сильне отруєння та діарея
"Вже кілька днів нагноєння старої подряпини, легкий набряк",surgeon,low,вже кілька днів нагноєння старої подряпини легкий набряк
"Скажіть, будь ласка, чому гостра затримка сечі, нестерпний біль, ниркова коліка",urologist,high,скажіть будь ласка чому гостра затримка сечі нестерпний біль ниркова коліка
"Сухість в очах, відчуття піску під повіками",ophthalmologist,low,сухість в очах відчуття піску під повіками
"Раптово почалося: ангіна, білий наліт на мигдаликах, важко ковтати",otolaryngologist,medium,раптово почалося ангіна білий наліт на мигдаликах важко ковтати
"Втрата голосу, сильний гавкаючий кашель і біль у горлі",otolaryngologist,medium,втрата голосу сильний гавкаючий кашель і біль у горлі
"Раптово почалося: сильний удар ліктя, рука опухла і посиніла",traumatologist,medium,раптово почалося сильний удар ліктя рука опухла і посиніла
"Допоможіть, стріляє в спині, защемило нерв, не можу розігнутися",neurologist,high,допоможіть стріляє в спині защемило нерв не можу розігнутися
"Вже кілька днів стороннє тіло у дихальних шляхах, дитина задихається",otolaryngologist,high,вже кілька днів стороннє тіло у дихальних шляхах дитина задихається
"Підкажіть, що робити, якщо дуже лущиться шкіра на обличчі",dermatologist,low,підкажіть що робити якщо дуже лущиться шкіра на обличчі
"Сильно турбує те, що нудота після їжі, кисла відрижка вже кілька днів",gastroenterologist,medium,сильно турбує те що нудота після їжі кисла відрижка вже кілька днів
"Раптово почалося: різко набрав вагу, хоча дієта не змінювалася",endocrinologist,low,раптово почалося різко набрав вагу хоча дієта не змінювалася
"Допоможіть, задишка при мінімальних фізичних навантаженнях",cardiologist,medium,допоможіть задишка при мінімальних фізичних навантаженнях
"Відчуваю, що болить шлунок натщесерце, ниючий біль під ребрами",gastroenterologist,medium,відчуваю що болить шлунок натщесерце ниючий біль під ребрами
"Раптово почалося: ниючий біль у попереку, важко нахилятися",neurologist,medium,раптово почалося ниючий біль у попереку важко нахилятися
"Підкажіть, що робити, якщо сухий кашель, важко вдихнути повітря, хрипи в легенях",therapist,high,підкажіть що робити якщо сухий кашель важко вдихнути повітря хрипи в легенях
"Допоможіть, в око потрапила хімічна речовина або залізна стружка",ophthalmologist,high,допоможіть в око потрапила хімічна речовина або залізна стружка
У мого родича болить плече або м'язи після тренування в залі,traumatologist,low,у мого родича болить плече або м язи після тренування в залі
Вже кілька днів важкість у шлунку та постійне здуття живота,gastroenterologist,low,вже кілька днів важкість у шлунку та постійне здуття живота
Раптово почалося: періодично німіють мізинці на руках,neurologist,low,раптово почалося періодично німіють мізинці на руках
"Відчуваю, що впав, підозра на тріщину в ребрі, боляче дихати",traumatologist,medium,відчуваю що впав підозра на тріщину в ребрі боляче дихати
"У мого родича нудота після їжі, кисла відрижка вже кілька днів",gastroenterologist,medium,у мого родича нудота після їжі кисла відрижка вже кілька днів
"У мого родича діабетична криза, втрата свідомості, різкий запах ацетону",endocrinologist,high,у мого родича діабетична криза втрата свідомості різкий запах ацетону
"Скажіть, будь ласка, чому температура піднялася до 40, сильно знобить",therapist,high,скажіть будь ласка чому температура піднялася до 40 сильно знобить
"У мене пече в грудях, гострий біль за грудиною",cardiologist,high,у мене пече в грудях гострий біль за грудиною
У мого родича профілактичний огляд чоловічого здоров'я,urologist,low,у мого родича профілактичний огляд чоловічого здоров я
"Раптово почалося: очі почервоніли, закисають зранку, виділяється гній",ophthalmologist,medium,раптово почалося очі почервоніли закисають зранку виділяється гній
"Допоможіть, глибокий поріз склом, сильна кровотеча не зупиняється",traumatologist,high,допоможіть глибокий поріз склом сильна кровотеча не зупиняється
"Відчуваю, що профілактичний огляд чоловічого здоров'я",urologist,low,відчуваю що профілактичний огляд чоловічого здоров я
"Підкажіть, що робити, якщо підозра на апендицит, блювота, живіт як дошка твердий",surgeon,high,підкажіть що робити якщо підозра на апендицит блювота живіт як дошка твердий
"Сильно турбує те, що врослий ніготь на великому пальці ноги",surgeon,low,сильно турбує те що врослий ніготь на великому пальці ноги
"Підкажіть, що робити, якщо у дитини кашель, соплі, але температури немає",pediatrician,medium,підкажіть що робити якщо у дитини кашель соплі але температури немає
"Раптово почалося: нестерпний біль у шлунку, сильне отруєння та діарея",gastroenterologist,high,раптово почалося нестерпний біль у шлунку сильне отруєння та діарея
"У мого родича ломить суглоби, застудився під кондиціонером",therapist,medium,у мого родича ломить суглоби застудився під кондиціонером
"Різко набрав вагу, хоча дієта не змінювалася",endocrinologist,low,різко набрав вагу хоча дієта не змінювалася
"Допоможіть, малюк погано спить, капризує під час годування",pediatrician,low,допоможіть малюк погано спить капризує під час годування
"Вже кілька днів втрата голосу, сильний гавкаючий кашель і біль у горлі",otolaryngologist,medium,вже кілька днів втрата голосу сильний гавкаючий кашель і біль у горлі
"Допоможіть, часті походи в туалет, але без болю",urologist,low,допоможіть часті походи в туалет але без болю
"Вже кілька днів стріляє в спині, защемило нерв, не можу розігнутися",neurologist,high,вже кілька днів стріляє в спині защемило нерв не можу розігнутися
"Раптово почалося: помітив кров у сечі, сильний біль у ділянці паху",urologist,high,раптово почалося помітив кров у сечі сильний біль у ділянці паху
"Відчуваю, що ниючий біль у попереку, важко нахилятися",neurologist,medium,відчуваю що ниючий біль у попереку важко нахилятися
В око потрапила хімічна речовина або залізна стружка,ophthalmologist,high,в око потрапила хімічна речовина або залізна стружка
"Сильно турбує те, що температура 38.5, кашель і озноб",therapist,medium,сильно турбує те що температура 38 5 кашель і озноб
"У мене температура 38.5, кашель і озноб",therapist,medium,у мене температура 38 5 кашель і озноб
"Раптово почалося: почав гірше бачити текст вдалині, розмиваються літери",ophthalmologist,low,раптово почалося почав гірше бачити текст вдалині розмиваються літери
"Сильно турбує те, що у донечки висип по всьому тілу, схоже на вітрянку",pediatrician,medium,сильно турбує те що у донечки висип по всьому тілу схоже на вітрянку
"У мене кривава блювота або чорний стілець, гострий спазм",gastroenterologist,high,у мене кривава блювота або чорний стілець гострий спазм
"У мене сухість в очах, відчуття піску під повіками",ophthalmologist,low,у мене сухість в очах відчуття піску під повіками
У мого родича скаче пульс після кави або чаю,cardiologist,low,у мого родича скаче пульс після кави або чаю
"Допоможіть, сухий кашель, важко вдихнути повітря, хрипи в легенях",therapist,high,допоможіть сухий кашель важко вдихнути повітря хрипи в легенях
"Сильно турбує те, що часті перепади настрою, збільшилася щитовидна залоза",endocrinologist,medium,сильно турбує те що часті перепади настрою збільшилася щитовидна залоза
"У мого родича сильний удар ліктя, рука опухла і посиніла",traumatologist,medium,у мого родича сильний удар ліктя рука опухла і посиніла
Вже кілька днів іноді покалює зліва в грудях під час ходьби,cardiologist,low,вже кілька днів іноді покалює зліва в грудях під час ходьби
"Відчуваю, що стріляє в спині, защемило нерв, не можу розігнутися",neurologist,high,відчуваю що стріляє в спині защемило нерв не можу розігнутися
"Скажіть, будь ласка, чому у дитини кашель, соплі, але температури немає",pediatrician,medium,скажіть будь ласка чому у дитини кашель соплі але температури немає
"Підкажіть, що робити, якщо у сина болить вушко, плаче і тримається за голову",pediatrician,medium,підкажіть що робити якщо у сина болить вушко плаче і тримається за голову
Вже кілька днів температура 37.2 і загальна слабкість,therapist,low,вже кілька днів температура 37 2 і загальна слабкість
"Допоможіть, періодично німіють мізинці на руках",neurologist,low,допоможіть періодично німіють мізинці на руках
"Підкажіть, що робити, якщо невелика гуля на спині, жировик під шкірою",surgeon,low,підкажіть що робити якщо невелика гуля на спині жировик під шкірою
"Скажіть, будь ласка, чому дитині потрібен плановий огляд та довідка в садочок",pediatrician,low,скажіть будь ласка чому дитині потрібен плановий огляд та довідка в садочок
"Скажіть, будь ласка, чому температура 37.2 і загальна слабкість",therapist,low,скажіть будь ласка чому температура 37 2 і загальна слабкість
"Раптово почалося: сильно болить горло, важко ковтати їжу",therapist,medium,раптово почалося сильно болить горло важко ковтати їжу
"Вже кілька днів підозра на пупкову грижу, випинання болить",surgeon,medium,вже кілька днів підозра на пупкову грижу випинання болить
"Допоможіть, періодичні закрепи або проблеми з травленням",gastroenterologist,low,допоможіть періодичні закрепи або проблеми з травленням
"У мене гострий ріжучий біль в правому боці живота, нудота",surgeon,high,у мене гострий ріжучий біль в правому боці живота нудота
У мого родича періодичні закрепи або проблеми з травленням,gastroenterologist,low,у мого родича періодичні закрепи або проблеми з травленням
"Допоможіть, незначні перепади тиску вечорами",cardiologist,low,допоможіть незначні перепади тиску вечорами
Ниючий біль у шиї після роботи за комп'ютером,neurologist,low,ниючий біль у шиї після роботи за комп ютером
"Підкажіть, що робити, якщо червона висипка на тілі, яка сильно чешеться",dermatologist,medium,підкажіть що робити якщо червона висипка на тілі яка сильно чешеться
"Впав, підозра на тріщину в ребрі, боляче дихати",traumatologist,medium,впав підозра на тріщину в ребрі боляче дихати
"Запалення сечового міхура, цистит, дискомфорт",urologist,medium,запалення сечового міхура цистит дискомфорт
"Скажіть, будь ласка, чому кривава блювота або чорний стілець, гострий спазм",gastroenterologist,high,скажіть будь ласка чому кривава блювота або чорний стілець гострий спазм
"Сильно турбує те, що біль у нирках, підвищилася температура до 38",urologist,medium,сильно турбує те що біль у нирках підвищилася температура до 38
"Скажіть, будь ласка, чому постійна втома, немає сил зранку",therapist,low,скажіть будь ласка чому постійна втома немає сил зранку
Раптово почалося: іноді покалює зліва в грудях під час ходьби,cardiologist,low,раптово почалося іноді покалює зліва в грудях під час ходьби
Першіння в горлі та легкий нежить,therapist,low,першіння в горлі та легкий нежить
"Вже кілька днів кривава блювота або чорний стілець, гострий спазм",gastroenterologist,high,вже кілька днів кривава блювота або чорний стілець гострий спазм
"Сильно турбує те, що невелика гуля на спині, жировик під шкірою",surgeon,low,сильно турбує те що невелика гуля на спині жировик під шкірою
"Раптово почалося: біль у нирках, підвищилася температура до 38",urologist,medium,раптово почалося біль у нирках підвищилася температура до 38
Вже кілька днів болить плече або м'язи після тренування в залі,traumatologist,low,вже кілька днів болить плече або м язи після тренування в залі
Вже кілька днів періодично закладає одне вухо після басейну,otolaryngologist,low,вже кілька днів періодично закладає одне вухо після басейну
"Підкажіть, що робити, якщо високий тиск 150 на 90, крутиться голова",cardiologist,medium,підкажіть що робити якщо високий тиск 150 на 90 крутиться голова
"Підкажіть, що робити, якщо біль у нирках, підвищилася температура до 38",urologist,medium,підкажіть що робити якщо біль у нирках підвищилася температура до 38
Раптово почалося: врослий ніготь на великому пальці ноги,surgeon,low,раптово почалося врослий ніготь на великому пальці ноги
"У мого родича постійна втома, немає сил зранку",therapist,low,у мого родича постійна втома немає сил зранку
"Скажіть, будь ласка, чому сильно болить горло, важко ковтати їжу",therapist,medium,скажіть будь ласка чому сильно болить горло важко ковтати їжу
"У мого родича першіння в носоглотці, сухість у носі",otolaryngologist,low,у мого родича першіння в носоглотці сухість у носі
"У мого родича стріляє в спині, защемило нерв, не можу розігнутися",neurologist,high,у мого родича стріляє в спині защемило нерв не можу розігнутися
"Сильно турбує те, що глибокий поріз склом, сильна кровотеча не зупиняється",traumatologist,high,сильно турбує те що глибокий поріз склом сильна кровотеча не зупиняється
"Сильно турбує те, що першіння в носоглотці, сухість у носі",otolaryngologist,low,сильно турбує те що першіння в носоглотці сухість у носі
"Відчуваю, що червона висипка на тілі, яка сильно чешеться",dermatologist,medium,відчуваю що червона висипка на тілі яка сильно чешеться
"У мого родича у донечки висип по всьому тілу, схоже на вітрянку",pediatrician,medium,у мого родича у донечки висип по всьому тілу схоже на вітрянку
У мене іноді покалює зліва в грудях під час ходьби,cardiologist,low,у мене іноді покалює зліва в грудях під час ходьби
"Скажіть, будь ласка, чому підозра на пупкову грижу, випинання болить",surgeon,medium,скажіть будь ласка чому підозра на пупкову грижу випинання болить
"Вже кілька днів відкритий перелом, рука крива, сильний біль і шок",traumatologist,high,вже кілька днів відкритий перелом рука крива сильний біль і шок
Вже кілька днів в око потрапила хімічна речовина або залізна стружка,ophthalmologist,high,вже кілька днів в око потрапила хімічна речовина або залізна стружка
Раптово почалося: в око потрапила хімічна речовина або залізна стружка,ophthalmologist,high,раптово почалося в око потрапила хімічна речовина або залізна стружка
"Раптово почалося: постійна спрага, п'ю дуже багато води, сухо в роті",endocrinologist,medium,раптово почалося постійна спрага п ю дуже багато води сухо в роті
У мене легке запаморочення при різкому підйомі,neurologist,low,у мене легке запаморочення при різкому підйомі
Раптово почалося: стара родимка змінила форму та потемніла,dermatologist,medium,раптово почалося стара родимка змінила форму та потемніла
У мене водянисті пухирі на ногах після алергії,dermatologist,medium,у мене водянисті пухирі на ногах після алергії
"Вже кілька днів запалення сечового міхура, цистит, дискомфорт",urologist,medium,вже кілька днів запалення сечового міхура цистит дискомфорт
"Скажіть, будь ласка, чому ангіна, білий наліт на мигдаликах, важко ковтати",otolaryngologist,medium,скажіть будь ласка чому ангіна білий наліт на мигдаликах важко ковтати
"Скажіть, будь ласка, чому коліки в животі, метеоризм, ріже навколо пупка",gastroenterologist,medium,скажіть будь ласка чому коліки в животі метеоризм ріже навколо пупка
Постійний шум у вухах і темніє в очах,neurologist,medium,постійний шум у вухах і темніє в очах
"Скажіть, будь ласка, чому в око потрапила хімічна речовина або залізна стружка",ophthalmologist,high,скажіть будь ласка чому в око потрапила хімічна речовина або залізна стружка
"Гострий ріжучий біль в правому боці живота, нудота",surgeon,high,гострий ріжучий біль в правому боці живота нудота
"Допоможіть, раптова гостра алергічна реакція, все тіло вкрилося плямами",dermatologist,high,допоможіть раптова гостра алергічна реакція все тіло вкрилося плямами
"Сильно турбує те, що швидко втомлююся, постійна сонливість без причини",endocrinologist,low,сильно турбує те що швидко втомлююся постійна сонливість без причини
"У мого родича швидко втомлююся, постійна сонливість без причини",endocrinologist,low,у мого родича швидко втомлююся постійна сонливість без причини
"Відчуваю, що постійний шум у вухах і темніє в очах",neurologist,medium,відчуваю що постійний шум у вухах і темніє в очах
"Підкажіть, що робити, якщо раптово зник зір на одному оці, гострий біль всередині",ophthalmologist,high,підкажіть що робити якщо раптово зник зір на одному оці гострий біль всередині
"Вже кілька днів у дитини кашель, соплі, але температури немає",pediatrician,medium,вже кілька днів у дитини кашель соплі але температури немає
"У мого родича сильно болить горло, важко ковтати їжу",therapist,medium,у мого родича сильно болить горло важко ковтати їжу
У мене врослий ніготь на великому пальці ноги,surgeon,low,у мене врослий ніготь на великому пальці ноги
"Скажіть, будь ласка, чому стріляє в спині, защемило нерв, не можу розігнутися",neurologist,high,скажіть будь ласка чому стріляє в спині защемило нерв не можу розігнутися
"Раптово почалося: підозра на апендицит, блювота, живіт як дошка твердий",surgeon,high,раптово почалося підозра на апендицит блювота живіт як дошка твердий
"Відчуваю, що легке запаморочення при різкому підйомі",neurologist,low,відчуваю що легке запаморочення при різкому підйомі
"Відчуваю, що глибокий поріз склом, сильна кровотеча не зупиняється",traumatologist,high,відчуваю що глибокий поріз склом сильна кровотеча не зупиняється
"Відняло ліву ногу, сильне оніміння половини тіла",neurologist,high,відняло ліву ногу сильне оніміння половини тіла
"Допоможіть, температура 37.2 і загальна слабкість",therapist,low,допоможіть температура 37 2 і загальна слабкість
"Відчуваю, що у немовляти температура 39, не збивається нурофеном",pediatrician,high,відчуваю що у немовляти температура 39 не збивається нурофеном
"Скажіть, будь ласка, чому тисне серце, біль віддає в ліву руку та щелепу",cardiologist,high,скажіть будь ласка чому тисне серце біль віддає в ліву руку та щелепу
"Підкажіть, що робити, якщо впав, підозра на тріщину в ребрі, боляче дихати",traumatologist,medium,підкажіть що робити якщо впав підозра на тріщину в ребрі боляче дихати
"Допоможіть, профілактичний огляд чоловічого здоров'я",urologist,low,допоможіть профілактичний огляд чоловічого здоров я
У мене скаче пульс після кави або чаю,cardiologist,low,у мене скаче пульс після кави або чаю
"У мого родича червона висипка на тілі, яка сильно чешеться",dermatologist,medium,у мого родича червона висипка на тілі яка сильно чешеться
"Вже кілька днів у донечки висип по всьому тілу, схоже на вітрянку",pediatrician,medium,вже кілька днів у донечки висип по всьому тілу схоже на вітрянку
"У мене запалився лімфовузол під пахвою, боляче торкатися",surgeon,medium,у мене запалився лімфовузол під пахвою боляче торкатися
"У мого родича відняло ліву ногу, сильне оніміння половини тіла",neurologist,high,у мого родича відняло ліву ногу сильне оніміння половини тіла
"Скажіть, будь ласка, чому око сильно сльозиться і пече, лопнули капіляри",ophthalmologist,medium,скажіть будь ласка чому око сильно сльозиться і пече лопнули капіляри
"Скажіть, будь ласка, чому часті перепади настрою, збільшилася щитовидна залоза",endocrinologist,medium,скажіть будь ласка чому часті перепади настрою збільшилася щитовидна залоза
"У мого родича впав, підозра на тріщину в ребрі, боляче дихати",traumatologist,medium,у мого родича впав підозра на тріщину в ребрі боляче дихати
"Відчуваю, що невелика гуля на спині, жировик під шкірою",surgeon,low,відчуваю що невелика гуля на спині жировик під шкірою
"Раптово почалося: стороннє тіло у дихальних шляхах, дитина задихається",otolaryngologist,high,раптово почалося стороннє тіло у дихальних шляхах дитина задихається
"Вже кілька днів нестерпний біль у шлунку, сильне отруєння та діарея",gastroenterologist,high,вже кілька днів нестерпний біль у шлунку сильне отруєння та діарея
"У мене відняло ліву ногу, сильне оніміння половини тіла",neurologist,high,у мене відняло ліву ногу сильне оніміння половини тіла
"Раптово почалося: кривава блювота або чорний стілець, гострий спазм",gastroenterologist,high,раптово почалося кривава блювота або чорний стілець гострий спазм
"Скажіть, будь ласка, чому профілактичний огляд чоловічого здоров'я",urologist,low,скажіть будь ласка чому профілактичний огляд чоловічого здоров я
"У мене сильно набряк палець, пульсує і виділяється гній",surgeon,medium,у мене сильно набряк палець пульсує і виділяється гній
"Раптово почалося: дитина задихається від гавкаючого кашлю, синіють губи",pediatrician,high,раптово почалося дитина задихається від гавкаючого кашлю синіють губи
"У мого родича кривава блювота або чорний стілець, гострий спазм",gastroenterologist,high,у мого родича кривава блювота або чорний стілець гострий спазм
"Вже кілька днів різко набрав вагу, хоча дієта не змінювалася",endocrinologist,low,вже кілька днів різко набрав вагу хоча дієта не змінювалася
"У дитини кашель, соплі, але температури немає",pediatrician,medium,у дитини кашель соплі але температури немає
"Вже кілька днів гострий ріжучий біль в правому боці живота, нудота",surgeon,high,вже кілька днів гострий ріжучий біль в правому боці живота нудота
"У мене нестерпний біль у шлунку, сильне отруєння та діарея",gastroenterologist,high,у мене нестерпний біль у шлунку сильне отруєння та діарея
"Підкажіть, що робити, якщо ниючий біль у попереку, важко нахилятися",neurologist,medium,підкажіть що робити якщо ниючий біль у попереку важко нахилятися
Раптово почалося: швидко втомлюються очі під час роботи за монітором,ophthalmologist,low,раптово почалося швидко втомлюються очі під час роботи за монітором
Вже кілька днів водянисті пухирі на ногах після алергії,dermatologist,medium,вже кілька днів водянисті пухирі на ногах після алергії
"У мого родича сухий кашель, важко вдихнути повітря, хрипи в легенях",therapist,high,у мого родича сухий кашель важко вдихнути повітря хрипи в легенях
"Підкажіть, що робити, якщо пече в грудях, гострий біль за грудиною",cardiologist,high,підкажіть що робити якщо пече в грудях гострий біль за грудиною
"Скажіть, будь ласка, чому страшна мігрень, таблетки не допомагають",neurologist,medium,скажіть будь ласка чому страшна мігрень таблетки не допомагають
"Відчуваю, що у дитини кашель, соплі, але температури немає",pediatrician,medium,відчуваю що у дитини кашель соплі але температури немає
"Вже кілька днів у сина болить вушко, плаче і тримається за голову",pediatrician,medium,вже кілька днів у сина болить вушко плаче і тримається за голову
У мого родича дитині потрібен плановий огляд та довідка в садочок,pediatrician,low,у мого родича дитині потрібен плановий огляд та довідка в садочок
"Підкажіть, що робити, якщо дитині потрібен плановий огляд та довідка в садочок",pediatrician,low,підкажіть що робити якщо дитині потрібен плановий огляд та довідка в садочок
"Сильно турбує те, що задишка при мінімальних фізичних навантаженнях",cardiologist,medium,сильно турбує те що задишка при мінімальних фізичних навантаженнях
"Відчуваю, що відкритий перелом, рука крива, сильний біль і шок",traumatologist,high,відчуваю що відкритий перелом рука крива сильний біль і шок
"Сильно турбує те, що впав, підозра на тріщину в ребрі, боляче дихати",traumatologist,medium,сильно турбує те що впав підозра на тріщину в ребрі боляче дихати
"Скажіть, будь ласка, чому важкість у шлунку та постійне здуття живота",gastroenterologist,low,скажіть будь ласка чому важкість у шлунку та постійне здуття живота
Раптово почалося: періодичні закрепи або проблеми з травленням,gastroenterologist,low,раптово почалося періодичні закрепи або проблеми з травленням
"Вже кілька днів око сильно сльозиться і пече, лопнули капіляри",ophthalmologist,medium,вже кілька днів око сильно сльозиться і пече лопнули капіляри
"Допоможіть, стара травма коліна ниє на зміну погоди",traumatologist,low,допоможіть стара травма коліна ниє на зміну погоди
"Ниючий біль у попереку, важко нахилятися",neurologist,medium,ниючий біль у попереку важко нахилятися
"У мого родича гостра затримка сечі, нестерпний біль, ниркова коліка",urologist,high,у мого родича гостра затримка сечі нестерпний біль ниркова коліка
"Вже кілька днів гостра затримка сечі, нестерпний біль, ниркова коліка",urologist,high,вже кілька днів гостра затримка сечі нестерпний біль ниркова коліка
"Раптово почалося: відняло ліву ногу, сильне оніміння половини тіла",neurologist,high,раптово почалося відняло ліву ногу сильне оніміння половини тіла
Вже кілька днів сухість рук та тріщини на пальцях,dermatologist,low,вже кілька днів сухість рук та тріщини на пальцях
Періодичні закрепи або проблеми з травленням,gastroenterologist,low,періодичні закрепи або проблеми з травленням
"У донечки висип по всьому тілу, схоже на вітрянку",pediatrician,medium,у донечки висип по всьому тілу схоже на вітрянку
"Сильно турбує те, що підозра на пупкову грижу, випинання болить",surgeon,medium,сильно турбує те що підозра на пупкову грижу випинання болить
"Відчуваю, що часті перепади настрою, збільшилася щитовидна залоза",endocrinologist,medium,відчуваю що часті перепади настрою збільшилася щитовидна залоза
Незначні перепади тиску вечорами,cardiologist,low,незначні перепади тиску вечорами
"Часті походи в туалет, але без болю",urologist,low,часті походи в туалет але без болю
У мене з'явилася лупа та свербіж голови,dermatologist,low,у мене з явилася лупа та свербіж голови
"Відчуваю, що стріляє у вусі, заклало ніс, болять пазухи",otolaryngologist,medium,відчуваю що стріляє у вусі заклало ніс болять пазухи
"У мого родича сильне серцебиття, тремтять руки, постійно жарко",endocrinologist,medium,у мого родича сильне серцебиття тремтять руки постійно жарко
"У мого родича температура піднялася до 40, сильно знобить",therapist,high,у мого родича температура піднялася до 40 сильно знобить
"У мене ниючий біль у попереку, важко нахилятися",neurologist,medium,у мене ниючий біль у попереку важко нахилятися
У мене задишка при мінімальних фізичних навантаженнях,cardiologist,medium,у мене задишка при мінімальних фізичних навантаженнях
"Стріляє в спині, защемило нерв, не можу розігнутися",neurologist,high,стріляє в спині защемило нерв не можу розігнутися
"Допоможіть, сильно набряк палець, пульсує і виділяється гній",surgeon,medium,допоможіть сильно набряк палець пульсує і виділяється гній
"Раптово почалося: пече в грудях, гострий біль за грудиною",cardiologist,high,раптово почалося пече в грудях гострий біль за грудиною
"Скажіть, будь ласка, чому задишка при мінімальних фізичних навантаженнях",cardiologist,medium,скажіть будь ласка чому задишка при мінімальних фізичних навантаженнях
Раптово почалося: дуже лущиться шкіра на обличчі,dermatologist,low,раптово почалося дуже лущиться шкіра на обличчі
"Підкажіть, що робити, якщо постійна втома, немає сил зранку",therapist,low,підкажіть що робити якщо постійна втома немає сил зранку
"Постійна спрага, п'ю дуже багато води, сухо в роті",endocrinologist,medium,постійна спрага п ю дуже багато води сухо в роті
"Сильно турбує те, що червона висипка на тілі, яка сильно чешеться",dermatologist,medium,сильно турбує те що червона висипка на тілі яка сильно чешеться
"У мене малюк погано спить, капризує під час годування",pediatrician,low,у мене малюк погано спить капризує під час годування
"У мене впав, підозра на тріщину в ребрі, боляче дихати",traumatologist,medium,у мене впав підозра на тріщину в ребрі боляче дихати
У мого родича дуже лущиться шкіра на обличчі,dermatologist,low,у мого родича дуже лущиться шкіра на обличчі
"Вже кілька днів малюк погано спить, капризує під час годування",pediatrician,low,вже кілька днів малюк погано спить капризує під час годування
"Пече в грудях, гострий біль за грудиною",cardiologist,high,пече в грудях гострий біль за грудиною
"Сильно турбує те, що сухість рук та тріщини на пальцях",dermatologist,low,сильно турбує те що сухість рук та тріщини на пальцях
"Відчуваю, що температура 37.2 і загальна слабкість",therapist,low,відчуваю що температура 37 2 і загальна слабкість
"Скажіть, будь ласка, чому впав, підозра на тріщину в ребрі, боляче дихати",traumatologist,medium,скажіть будь ласка чому впав підозра на тріщину в ребрі боляче дихати
"Підкажіть, що робити, якщо стріляє у вусі, заклало ніс, болять пазухи",otolaryngologist,medium,підкажіть що робити якщо стріляє у вусі заклало ніс болять пазухи
"Сильно турбує те, що сухий кашель, важко вдихнути повітря, хрипи в легенях",therapist,high,сильно турбує те що сухий кашель важко вдихнути повітря хрипи в легенях
"Сильно турбує те, що сухість в очах, відчуття піску під повіками",ophthalmologist,low,сильно турбує те що сухість в очах відчуття піску під повіками
"Сильно набряк палець, пульсує і виділяється гній",surgeon,medium,сильно набряк палець пульсує і виділяється гній
"Сильно турбує те, що періодичні закрепи або проблеми з травленням",gastroenterologist,low,сильно турбує те що періодичні закрепи або проблеми з травленням
"Скажіть, будь ласка, чому пече в грудях, гострий біль за грудиною",cardiologist,high,скажіть будь ласка чому пече в грудях гострий біль за грудиною
"Раптово почалося: фурункул запалився, набряк, гарячий на дотик",dermatologist,high,раптово почалося фурункул запалився набряк гарячий на дотик
"Раптова гостра алергічна реакція, все тіло вкрилося плямами",dermatologist,high,раптова гостра алергічна реакція все тіло вкрилося плямами
"Відчуваю, що гостра затримка сечі, нестерпний біль, ниркова коліка",urologist,high,відчуваю що гостра затримка сечі нестерпний біль ниркова коліка
У мене періодично закладає одне вухо після басейну,otolaryngologist,low,у мене періодично закладає одне вухо після басейну
Вже кілька днів задишка при мінімальних фізичних навантаженнях,cardiologist,medium,вже кілька днів задишка при мінімальних фізичних навантаженнях
"Скажіть, будь ласка, чому періодичні закрепи або проблеми з травленням",gastroenterologist,low,скажіть будь ласка чому періодичні закрепи або проблеми з травленням
"Відчуваю, що нагноєння старої подряпини, легкий набряк",surgeon,low,відчуваю що нагноєння старої подряпини легкий набряк
"Скажіть, будь ласка, чому з'явилася лупа та свербіж голови",dermatologist,low,скажіть будь ласка чому з явилася лупа та свербіж голови
"У мене ломить суглоби, застудився під кондиціонером",therapist,medium,у мене ломить суглоби застудився під кондиціонером
"Допоможіть, сильна носова кровотеча, яка йде вже півгодини",otolaryngologist,high,допоможіть сильна носова кровотеча яка йде вже півгодини
"Підкажіть, що робити, якщо скаче пульс після кави або чаю",cardiologist,low,підкажіть що робити якщо скаче пульс після кави або чаю
"Допоможіть, періодичний ниючий біль у ділянці попереку",urologist,low,допоможіть періодичний ниючий біль у ділянці попереку
"Відчуваю, що сильно болить горло, важко ковтати їжу",therapist,medium,відчуваю що сильно болить горло важко ковтати їжу
"У мого родича різко набрав вагу, хоча дієта не змінювалася",endocrinologist,low,у мого родича різко набрав вагу хоча дієта не змінювалася
"Скажіть, будь ласка, чому сильне серцебиття, тремтять руки, постійно жарко",endocrinologist,medium,скажіть будь ласка чому сильне серцебиття тремтять руки постійно жарко
"У мене коліки в животі, метеоризм, ріже навколо пупка",gastroenterologist,medium,у мене коліки в животі метеоризм ріже навколо пупка
"Раптово почалося: постійна втома, немає сил зранку",therapist,low,раптово почалося постійна втома немає сил зранку
"Допоможіть, запалився лімфовузол під пахвою, боляче торкатися",surgeon,medium,допоможіть запалився лімфовузол під пахвою боляче торкатися
"Скажіть, будь ласка, чому дитина задихається від гавкаючого кашлю, синіють губи",pediatrician,high,скажіть будь ласка чому дитина задихається від гавкаючого кашлю синіють губи
"Скажіть, будь ласка, чому глибокий поріз склом, сильна кровотеча не зупиняється",traumatologist,high,скажіть будь ласка чому глибокий поріз склом сильна кровотеча не зупиняється
"Підкажіть, що робити, якщо врослий ніготь на великому пальці ноги",surgeon,low,підкажіть що робити якщо врослий ніготь на великому пальці ноги
"У мене сильно болить горло, важко ковтати їжу",therapist,medium,у мене сильно болить горло важко ковтати їжу
"У сина болить вушко, плаче і тримається за голову",pediatrician,medium,у сина болить вушко плаче і тримається за голову
Вже кілька днів періодичний ниючий біль у ділянці попереку,urologist,low,вже кілька днів періодичний ниючий біль у ділянці попереку
"Допоможіть, сильний удар ліктя, рука опухла і посиніла",traumatologist,medium,допоможіть сильний удар ліктя рука опухла і посиніла
Раптово почалося: легке запаморочення при різкому підйомі,neurologist,low,раптово почалося легке запаморочення при різкому підйомі
"У мене запалення сечового міхура, цистит, дискомфорт",urologist,medium,у мене запалення сечового міхура цистит дискомфорт
У мене пропав нюх через хронічний нежить,otolaryngologist,low,у мене пропав нюх через хронічний нежить
"Сильно турбує те, що коліки в животі, метеоризм, ріже навколо пупка",gastroenterologist,medium,сильно турбує те що коліки в животі метеоризм ріже навколо пупка
"Допоможіть, швидко втомлююся, постійна сонливість без причини",endocrinologist,low,допоможіть швидко втомлююся постійна сонливість без причини
"Підкажіть, що робити, якщо першіння в горлі та легкий нежить",therapist,low,підкажіть що робити якщо першіння в горлі та легкий нежить
Швидко втомлюються очі під час роботи за монітором,ophthalmologist,low,швидко втомлюються очі під час роботи за монітором
"Відчуваю, що коліки в животі, метеоризм, ріже навколо пупка",gastroenterologist,medium,відчуваю що коліки в животі метеоризм ріже навколо пупка
"Раптово почалося: впав, підозра на тріщину в ребрі, боляче дихати",traumatologist,medium,раптово почалося впав підозра на тріщину в ребрі боляче дихати
"Сильно турбує те, що іноді покалює зліва в грудях під час ходьби",cardiologist,low,сильно турбує те що іноді покалює зліва в грудях під час ходьби
"У мене температура піднялася до 40, сильно знобить",therapist,high,у мене температура піднялася до 40 сильно знобить
"Вже кілька днів страшна мігрень, таблетки не допомагають",neurologist,medium,вже кілька днів страшна мігрень таблетки не допомагають
"Скажіть, будь ласка, чому постійний шум у вухах і темніє в очах",neurologist,medium,скажіть будь ласка чому постійний шум у вухах і темніє в очах
"Підозра на пупкову грижу, випинання болить",surgeon,medium,підозра на пупкову грижу випинання болить
"Раптово почалося: сильно набряк палець, пульсує і виділяється гній",surgeon,medium,раптово почалося сильно набряк палець пульсує і виділяється гній
"Вже кілька днів сухість в очах, відчуття піску під повіками",ophthalmologist,low,вже кілька днів сухість в очах відчуття піску під повіками
"У мене болить шлунок натщесерце, ниючий біль під ребрами",gastroenterologist,medium,у мене болить шлунок натщесерце ниючий біль під ребрами
Вже кілька днів першіння в горлі та легкий нежить,therapist,low,вже кілька днів першіння в горлі та легкий нежить
Вже кілька днів з'явилася лупа та свербіж голови,dermatologist,low,вже кілька днів з явилася лупа та свербіж голови
"Підкажіть, що робити, якщо підозра на пупкову грижу, випинання болить",surgeon,medium,підкажіть що робити якщо підозра на пупкову грижу випинання болить
"У мого родича втрата голосу, сильний гавкаючий кашель і біль у горлі",otolaryngologist,medium,у мого родича втрата голосу сильний гавкаючий кашель і біль у горлі
"Підвернув ногу, є невеликий набряк, але ходити можу",traumatologist,medium,підвернув ногу є невеликий набряк але ходити можу
"Сильно турбує те, що раптова гостра алергічна реакція, все тіло вкрилося плямами",dermatologist,high,сильно турбує те що раптова гостра алергічна реакція все тіло вкрилося плямами
"Кривава блювота або чорний стілець, гострий спазм",gastroenterologist,high,кривава блювота або чорний стілець гострий спазм
"Допоможіть, різко набрав вагу, хоча дієта не змінювалася",endocrinologist,low,допоможіть різко набрав вагу хоча дієта не змінювалася
"Раптово почалося: у дитини кашель, соплі, але температури немає",pediatrician,medium,раптово почалося у дитини кашель соплі але температури немає
"Відчуваю, що у донечки висип по всьому тілу, схоже на вітрянку",pediatrician,medium,відчуваю що у донечки висип по всьому тілу схоже на вітрянку
"Око сильно сльозиться і пече, лопнули капіляри",ophthalmologist,medium,око сильно сльозиться і пече лопнули капіляри
У мене профілактичний огляд чоловічого здоров'я,urologist,low,у мене профілактичний огляд чоловічого здоров я
"Відчуваю, що сухість рук та тріщини на пальцях",dermatologist,low,відчуваю що сухість рук та тріщини на пальцях
"Підкажіть, що робити, якщо глибокий поріз склом, сильна кровотеча не зупиняється",traumatologist,high,підкажіть що робити якщо глибокий поріз склом сильна кровотеча не зупиняється
У мене важкість у шлунку та постійне здуття живота,gastroenterologist,low,у мене важкість у шлунку та постійне здуття живота
"У мого родича у сина болить вушко, плаче і тримається за голову",pediatrician,medium,у мого родича у сина болить вушко плаче і тримається за голову
"Сильно турбує те, що дуже лущиться шкіра на обличчі",dermatologist,low,сильно турбує те що дуже лущиться шкіра на обличчі
"Підкажіть, що робити, якщо періодично німіють мізинці на руках",neurologist,low,підкажіть що робити якщо періодично німіють мізинці на руках
"Підкажіть, що робити, якщо сильний удар ліктя, рука опухла і посиніла",traumatologist,medium,підкажіть що робити якщо сильний удар ліктя рука опухла і посиніла
"Сильне серцебиття, тремтять руки, постійно жарко",endocrinologist,medium,сильне серцебиття тремтять руки постійно жарко
"Скажіть, будь ласка, чому запалився лімфовузол під пахвою, боляче торкатися",surgeon,medium,скажіть будь ласка чому запалився лімфовузол під пахвою боляче торкатися
"Раптово почалося: сухий кашель, важко вдихнути повітря, хрипи в легенях",therapist,high,раптово почалося сухий кашель важко вдихнути повітря хрипи в легенях
"Сильно турбує те, що високий тиск 150 на 90, крутиться голова",cardiologist,medium,сильно турбує те що високий тиск 150 на 90 крутиться голова
"Допоможіть, коліки в животі, метеоризм, ріже навколо пупка",gastroenterologist,medium,допоможіть коліки в животі метеоризм ріже навколо пупка
"Підкажіть, що робити, якщо нудота після їжі, кисла відрижка вже кілька днів",gastroenterologist,medium,підкажіть що робити якщо нудота після їжі кисла відрижка вже кілька днів
"Підозра на апендицит, блювота, живіт як дошка твердий",surgeon,high,підозра на апендицит блювота живіт як дошка твердий
Раптово почалося: скаче пульс після кави або чаю,cardiologist,low,раптово почалося скаче пульс після кави або чаю
"Раптово почалося: високий тиск 150 на 90, крутиться голова",cardiologist,medium,раптово почалося високий тиск 150 на 90 крутиться голова
"Відчуваю, що ангіна, білий наліт на мигдаликах, важко ковтати",otolaryngologist,medium,відчуваю що ангіна білий наліт на мигдаликах важко ковтати
Вже кілька днів незначні перепади тиску вечорами,cardiologist,low,вже кілька днів незначні перепади тиску вечорами
"Вже кілька днів коліки в животі, метеоризм, ріже навколо пупка",gastroenterologist,medium,вже кілька днів коліки в животі метеоризм ріже навколо пупка
У мого родича іноді покалює зліва в грудях під час ходьби,cardiologist,low,у мого родича іноді покалює зліва в грудях під час ходьби
"Відчуваю, що врослий ніготь на великому пальці ноги",surgeon,low,відчуваю що врослий ніготь на великому пальці ноги
"Підкажіть, що робити, якщо гостра затримка сечі, нестерпний біль, ниркова коліка",urologist,high,підкажіть що робити якщо гостра затримка сечі нестерпний біль ниркова коліка
"Сильно турбує те, що періодичний ниючий біль у ділянці попереку",urologist,low,сильно турбує те що періодичний ниючий біль у ділянці попереку
Раптово почалося: профілактичний огляд чоловічого здоров'я,urologist,low,раптово почалося профілактичний огляд чоловічого здоров я
Періодичний ниючий біль у ділянці попереку,urologist,low,періодичний ниючий біль у ділянці попереку
У мене болить плече або м'язи після тренування в залі,traumatologist,low,у мене болить плече або м язи після тренування в залі
"Різі при сечовипусканні, тягне внизу живота",urologist,medium,різі при сечовипусканні тягне внизу живота
Раптово почалося: незначні перепади тиску вечорами,cardiologist,low,раптово почалося незначні перепади тиску вечорами
У мене першіння в горлі та легкий нежить,therapist,low,у мене першіння в горлі та легкий нежить
"Відчуваю, що підозра на апендицит, блювота, живіт як дошка твердий",surgeon,high,відчуваю що підозра на апендицит блювота живіт як дошка твердий
"Підкажіть, що робити, якщо дитина задихається від гавкаючого кашлю, синіють губи",pediatrician,high,підкажіть що робити якщо дитина задихається від гавкаючого кашлю синіють губи
"Сильно турбує те, що ломить суглоби, застудився під кондиціонером",therapist,medium,сильно турбує те що ломить суглоби застудився під кондиціонером
"Вже кілька днів ломить суглоби, застудився під кондиціонером",therapist,medium,вже кілька днів ломить суглоби застудився під кондиціонером
"У мого родича невелика гуля на спині, жировик під шкірою",surgeon,low,у мого родича невелика гуля на спині жировик під шкірою
"Допоможіть, дуже лущиться шкіра на обличчі",dermatologist,low,допоможіть дуже лущиться шкіра на обличчі
"У мене постійна спрага, п'ю дуже багато води, сухо в роті",endocrinologist,medium,у мене постійна спрага п ю дуже багато води сухо в роті
"Відчуваю, що очі почервоніли, закисають зранку, виділяється гній",ophthalmologist,medium,відчуваю що очі почервоніли закисають зранку виділяється гній
"Відчуваю, що різі при сечовипусканні, тягне внизу живота",urologist,medium,відчуваю що різі при сечовипусканні тягне внизу живота
Скаче пульс після кави або чаю,cardiologist,low,скаче пульс після кави або чаю
"Підкажіть, що робити, якщо сухість рук та тріщини на пальцях",dermatologist,low,підкажіть що робити якщо сухість рук та тріщини на пальцях
"Відчуваю, що малюк погано спить, капризує під час годування",pediatrician,low,відчуваю що малюк погано спить капризує під час годування
"У мене відкритий перелом, рука крива, сильний біль і шок",traumatologist,high,у мене відкритий перелом рука крива сильний біль і шок
"Допоможіть, постійна спрага, п'ю дуже багато води, сухо в роті",endocrinologist,medium,допоможіть постійна спрага п ю дуже багато води сухо в роті
"У мене глибокий поріз склом, сильна кровотеча не зупиняється",traumatologist,high,у мене глибокий поріз склом сильна кровотеча не зупиняється
"Допоможіть, сухість рук та тріщини на пальцях",dermatologist,low,допоможіть сухість рук та тріщини на пальцях
"Сильно турбує те, що різко набрав вагу, хоча дієта не змінювалася",endocrinologist,low,сильно турбує те що різко набрав вагу хоча дієта не змінювалася
"Відчуваю, що періодично закладає одне вухо після басейну",otolaryngologist,low,відчуваю що періодично закладає одне вухо після басейну
"Скажіть, будь ласка, чому очі почервоніли, закисають зранку, виділяється гній",ophthalmologist,medium,скажіть будь ласка чому очі почервоніли закисають зранку виділяється гній
"Сильно турбує те, що пропав нюх через хронічний нежить",otolaryngologist,low,сильно турбує те що пропав нюх через хронічний нежить
"Сильно турбує те, що гострий ріжучий біль в правому боці живота, нудота",surgeon,high,сильно турбує те що гострий ріжучий біль в правому боці живота нудота
"Допоможіть, ниючий біль у шиї після роботи за комп'ютером",neurologist,low,допоможіть ниючий біль у шиї після роботи за комп ютером
"Скажіть, будь ласка, чому нестерпний біль у шлунку, сильне отруєння та діарея",gastroenterologist,high,скажіть будь ласка чому нестерпний біль у шлунку сильне отруєння та діарея
"Скажіть, будь ласка, чому врослий ніготь на великому пальці ноги",surgeon,low,скажіть будь ласка чому врослий ніготь на великому пальці ноги
У мого родича стара травма коліна ниє на зміну погоди,traumatologist,low,у мого родича стара травма коліна ниє на зміну погоди
"Скажіть, будь ласка, чому першіння в горлі та легкий нежить",therapist,low,скажіть будь ласка чому першіння в горлі та легкий нежить
"Сильно турбує те, що температура 37.2 і загальна слабкість",therapist,low,сильно турбує те що температура 37 2 і загальна слабкість
"Раптово почалося: у сина болить вушко, плаче і тримається за голову",pediatrician,medium,раптово почалося у сина болить вушко плаче і тримається за голову
"Відчуваю, що ниючий біль у шиї після роботи за комп'ютером",neurologist,low,відчуваю що ниючий біль у шиї після роботи за комп ютером
"Скажіть, будь ласка, чому біль у нирках, підвищилася температура до 38",urologist,medium,скажіть будь ласка чому біль у нирках підвищилася температура до 38
"Скажіть, будь ласка, чому стріляє у вусі, заклало ніс, болять пазухи",otolaryngologist,medium,скажіть будь ласка чому стріляє у вусі заклало ніс болять пазухи
"Допоможіть, у сина болить вушко, плаче і тримається за голову",pediatrician,medium,допоможіть у сина болить вушко плаче і тримається за голову
"Сильно турбує те, що підозра на апендицит, блювота, живіт як дошка твердий",surgeon,high,сильно турбує те що підозра на апендицит блювота живіт як дошка твердий
"Вже кілька днів раптова гостра алергічна реакція, все тіло вкрилося плямами",dermatologist,high,вже кілька днів раптова гостра алергічна реакція все тіло вкрилося плямами
У мого родича сухість рук та тріщини на пальцях,dermatologist,low,у мого родича сухість рук та тріщини на пальцях
"Відчуваю, що постійна спрага, п'ю дуже багато води, сухо в роті",endocrinologist,medium,відчуваю що постійна спрага п ю дуже багато води сухо в роті
"Сильно турбує те, що у немовляти температура 39, не збивається нурофеном",pediatrician,high,сильно турбує те що у немовляти температура 39 не збивається нурофеном
"Раптово почалося: невелика гуля на спині, жировик під шкірою",surgeon,low,раптово почалося невелика гуля на спині жировик під шкірою
"Підкажіть, що робити, якщо нестерпний біль у шлунку, сильне отруєння та діарея",gastroenterologist,high,підкажіть що робити якщо нестерпний біль у шлунку сильне отруєння та діарея
У мого родича температура 37.2 і загальна слабкість,therapist,low,у мого родича температура 37 2 і загальна слабкість
У мого родича періодично німіють мізинці на руках,neurologist,low,у мого родича періодично німіють мізинці на руках
"Вже кілька днів постійна втома, немає сил зранку",therapist,low,вже кілька днів постійна втома немає сил зранку
"Відчуваю, що сильно набряк палець, пульсує і виділяється гній",surgeon,medium,відчуваю що сильно набряк палець пульсує і виділяється гній
"У мене раптова гостра алергічна реакція, все тіло вкрилося плямами",dermatologist,high,у мене раптова гостра алергічна реакція все тіло вкрилося плямами
"Допоможіть, очі почервоніли, закисають зранку, виділяється гній",ophthalmologist,medium,допоможіть очі почервоніли закисають зранку виділяється гній
"Підкажіть, що робити, якщо швидко втомлююся, постійна сонливість без причини",endocrinologist,low,підкажіть що робити якщо швидко втомлююся постійна сонливість без причини
"Сильно турбує те, що гостра затримка сечі, нестерпний біль, ниркова коліка",urologist,high,сильно турбує те що гостра затримка сечі нестерпний біль ниркова коліка
"Сильно турбує те, що сильний удар ліктя, рука опухла і посиніла",traumatologist,medium,сильно турбує те що сильний удар ліктя рука опухла і посиніла
"Нагноєння старої подряпини, легкий набряк",surgeon,low,нагноєння старої подряпини легкий набряк
"У мене у донечки висип по всьому тілу, схоже на вітрянку",pediatrician,medium,у мене у донечки висип по всьому тілу схоже на вітрянку
"Відчуваю, що швидко втомлююся, постійна сонливість без причини",endocrinologist,low,відчуваю що швидко втомлююся постійна сонливість без причини
"Відчуваю, що кривава блювота або чорний стілець, гострий спазм",gastroenterologist,high,відчуваю що кривава блювота або чорний стілець гострий спазм
"Сильно турбує те, що стара родимка змінила форму та потемніла",dermatologist,medium,сильно турбує те що стара родимка змінила форму та потемніла
"Скажіть, будь ласка, чому сильний удар ліктя, рука опухла і посиніла",traumatologist,medium,скажіть будь ласка чому сильний удар ліктя рука опухла і посиніла
"Скажіть, будь ласка, чому у сина болить вушко, плаче і тримається за голову",pediatrician,medium,скажіть будь ласка чому у сина болить вушко плаче і тримається за голову
"Допоможіть, фурункул запалився, набряк, гарячий на дотик",dermatologist,high,допоможіть фурункул запалився набряк гарячий на дотик
"Сильно турбує те, що незначні перепади тиску вечорами",cardiologist,low,сильно турбує те що незначні перепади тиску вечорами
"Відчуваю, що нудота після їжі, кисла відрижка вже кілька днів",gastroenterologist,medium,відчуваю що нудота після їжі кисла відрижка вже кілька днів
"У мого родича печія після жирної їжі, легка гіркота в роті",gastroenterologist,low,у мого родича печія після жирної їжі легка гіркота в роті
"Сильно турбує те, що сильний набряк повіки, вискочив великий ячмінь",ophthalmologist,medium,сильно турбує те що сильний набряк повіки вискочив великий ячмінь
"Сильно турбує те, що профілактичний огляд чоловічого здоров'я",urologist,low,сильно турбує те що профілактичний огляд чоловічого здоров я
Раптово почалося: постійний шум у вухах і темніє в очах,neurologist,medium,раптово почалося постійний шум у вухах і темніє в очах
Раптово почалося: з'явилася лупа та свербіж голови,dermatologist,low,раптово почалося з явилася лупа та свербіж голови
"Раптово почалося: сильний набряк повіки, вискочив великий ячмінь",ophthalmologist,medium,раптово почалося сильний набряк повіки вискочив великий ячмінь
"Раптово почалося: у донечки висип по всьому тілу, схоже на вітрянку",pediatrician,medium,раптово почалося у донечки висип по всьому тілу схоже на вітрянку
Раптово почалося: періодичний ниючий біль у ділянці попереку,urologist,low,раптово почалося періодичний ниючий біль у ділянці попереку
"Сильно турбує те, що тисне серце, біль віддає в ліву руку та щелепу",cardiologist,high,сильно турбує те що тисне серце біль віддає в ліву руку та щелепу
"Скажіть, будь ласка, чому сухий кашель, важко вдихнути повітря, хрипи в легенях",therapist,high,скажіть будь ласка чому сухий кашель важко вдихнути повітря хрипи в легенях
"У немовляти температура 39, не збивається нурофеном",pediatrician,high,у немовляти температура 39 не збивається нурофеном
"Підкажіть, що робити, якщо втрата голосу, сильний гавкаючий кашель і біль у горлі",otolaryngologist,medium,підкажіть що робити якщо втрата голосу сильний гавкаючий кашель і біль у горлі
"Підкажіть, що робити, якщо стара травма коліна ниє на зміну погоди",traumatologist,low,підкажіть що робити якщо стара травма коліна ниє на зміну погоди
"Допоможіть, страшна мігрень, таблетки не допомагають",neurologist,medium,допоможіть страшна мігрень таблетки не допомагають
"Підкажіть, що робити, якщо температура піднялася до 40, сильно знобить",therapist,high,підкажіть що робити якщо температура піднялася до 40 сильно знобить
"Відчуваю, що у сина болить вушко, плаче і тримається за голову",pediatrician,medium,відчуваю що у сина болить вушко плаче і тримається за голову
"Вже кілька днів сильний удар ліктя, рука опухла і посиніла",traumatologist,medium,вже кілька днів сильний удар ліктя рука опухла і посиніла
"Підкажіть, що робити, якщо з'явилася лупа та свербіж голови",dermatologist,low,підкажіть що робити якщо з явилася лупа та свербіж голови
"У мене страшна мігрень, таблетки не допомагають",neurologist,medium,у мене страшна мігрень таблетки не допомагають
"Скажіть, будь ласка, чому сильна носова кровотеча, яка йде вже півгодини",otolaryngologist,high,скажіть будь ласка чому сильна носова кровотеча яка йде вже півгодини
"Сильний набряк повіки, вискочив великий ячмінь",ophthalmologist,medium,сильний набряк повіки вискочив великий ячмінь
"Відчуваю, що фурункул запалився, набряк, гарячий на дотик",dermatologist,high,відчуваю що фурункул запалився набряк гарячий на дотик
"Підкажіть, що робити, якщо іноді покалює зліва в грудях під час ходьби",cardiologist,low,підкажіть що робити якщо іноді покалює зліва в грудях під час ходьби
"Допоможіть, різко почало випадати волосся, нігті ламаються",endocrinologist,low,допоможіть різко почало випадати волосся нігті ламаються
"Допоможіть, високий тиск 150 на 90, крутиться голова",cardiologist,medium,допоможіть високий тиск 150 на 90 крутиться голова
"Скажіть, будь ласка, чому прискорене серцебиття, пульс 110 в стані спокою",cardiologist,medium,скажіть будь ласка чому прискорене серцебиття пульс 110 в стані спокою
"Підкажіть, що робити, якщо око сильно сльозиться і пече, лопнули капіляри",ophthalmologist,medium,підкажіть що робити якщо око сильно сльозиться і пече лопнули капіляри
У мого родича постійний шум у вухах і темніє в очах,neurologist,medium,у мого родича постійний шум у вухах і темніє в очах
"Підкажіть, що робити, якщо фурункул запалився, набряк, гарячий на дотик",dermatologist,high,підкажіть що робити якщо фурункул запалився набряк гарячий на дотик
Температура 37.2 і загальна слабкість,therapist,low,температура 37 2 і загальна слабкість
"Помітив кров у сечі, сильний біль у ділянці паху",urologist,high,помітив кров у сечі сильний біль у ділянці паху
"Скажіть, будь ласка, чому періодичний ниючий біль у ділянці попереку",urologist,low,скажіть будь ласка чому періодичний ниючий біль у ділянці попереку
"Підкажіть, що робити, якщо різко набрав вагу, хоча дієта не змінювалася",endocrinologist,low,підкажіть що робити якщо різко набрав вагу хоча дієта не змінювалася
"Скажіть, будь ласка, чому підозра на апендицит, блювота, живіт як дошка твердий",surgeon,high,скажіть будь ласка чому підозра на апендицит блювота живіт як дошка твердий
"У мого родича нестерпний біль у шлунку, сильне отруєння та діарея",gastroenterologist,high,у мого родича нестерпний біль у шлунку сильне отруєння та діарея
"Відчуваю, що прискорене серцебиття, пульс 110 в стані спокою",cardiologist,medium,відчуваю що прискорене серцебиття пульс 110 в стані спокою
"Підкажіть, що робити, якщо страшна мігрень, таблетки не допомагають",neurologist,medium,підкажіть що робити якщо страшна мігрень таблетки не допомагають
"Скажіть, будь ласка, чому швидко втомлюються очі під час роботи за монітором",ophthalmologist,low,скажіть будь ласка чому швидко втомлюються очі під час роботи за монітором
"Відчуваю, що високий тиск 150 на 90, крутиться голова",cardiologist,medium,відчуваю що високий тиск 150 на 90 крутиться голова
"Сильно турбує те, що печія після жирної їжі, легка гіркота в роті",gastroenterologist,low,сильно турбує те що печія після жирної їжі легка гіркота в роті
"Підкажіть, що робити, якщо раптова гостра алергічна реакція, все тіло вкрилося плямами",dermatologist,high,підкажіть що робити якщо раптова гостра алергічна реакція все тіло вкрилося плямами
"У мого родича сильна носова кровотеча, яка йде вже півгодини",otolaryngologist,high,у мого родича сильна носова кровотеча яка йде вже півгодини
"Допоможіть, втрата голосу, сильний гавкаючий кашель і біль у горлі",otolaryngologist,medium,допоможіть втрата голосу сильний гавкаючий кашель і біль у горлі
"Допоможіть, сильно болить горло, важко ковтати їжу",therapist,medium,допоможіть сильно болить горло важко ковтати їжу
"Сильно турбує те, що кривава блювота або чорний стілець, гострий спазм",gastroenterologist,high,сильно турбує те що кривава блювота або чорний стілець гострий спазм
"Раптово почалося: страшна мігрень, таблетки не допомагають",neurologist,medium,раптово почалося страшна мігрень таблетки не допомагають
"Підкажіть, що робити, якщо відняло ліву ногу, сильне оніміння половини тіла",neurologist,high,підкажіть що робити якщо відняло ліву ногу сильне оніміння половини тіла
"Сильно турбує те, що стороннє тіло у дихальних шляхах, дитина задихається",otolaryngologist,high,сильно турбує те що стороннє тіло у дихальних шляхах дитина задихається
"Скажіть, будь ласка, чому діабетична криза, втрата свідомості, різкий запах ацетону",endocrinologist,high,скажіть будь ласка чому діабетична криза втрата свідомості різкий запах ацетону
"У мого родича підозра на пупкову грижу, випинання болить",surgeon,medium,у мого родича підозра на пупкову грижу випинання болить
"Підкажіть, що робити, якщо легке запаморочення при різкому підйомі",neurologist,low,підкажіть що робити якщо легке запаморочення при різкому підйомі
"Відчуваю, що ломить суглоби, застудився під кондиціонером",therapist,medium,відчуваю що ломить суглоби застудився під кондиціонером
"У мого родича нагноєння старої подряпини, легкий набряк",surgeon,low,у мого родича нагноєння старої подряпини легкий набряк
"Скажіть, будь ласка, чому червона висипка на тілі, яка сильно чешеться",dermatologist,medium,скажіть будь ласка чому червона висипка на тілі яка сильно чешеться
"У мого родича помітив кров у сечі, сильний біль у ділянці паху",urologist,high,у мого родича помітив кров у сечі сильний біль у ділянці паху
"Сильно турбує те, що раптово зник зір на одному оці, гострий біль всередині",ophthalmologist,high,сильно турбує те що раптово зник зір на одному оці гострий біль всередині
У мене в око потрапила хімічна речовина або залізна стружка,ophthalmologist,high,у мене в око потрапила хімічна речовина або залізна стружка
"Сильно турбує те, що легке запаморочення при різкому підйомі",neurologist,low,сильно турбує те що легке запаморочення при різкому підйомі
"Сильно турбує те, що у сина болить вушко, плаче і тримається за голову",pediatrician,medium,сильно турбує те що у сина болить вушко плаче і тримається за голову
"Скажіть, будь ласка, чому періодично закладає одне вухо після басейну",otolaryngologist,low,скажіть будь ласка чому періодично закладає одне вухо після басейну
"Раптово почалося: стріляє в спині, защемило нерв, не можу розігнутися",neurologist,high,раптово почалося стріляє в спині защемило нерв не можу розігнутися
"У мене нагноєння старої подряпини, легкий набряк",surgeon,low,у мене нагноєння старої подряпини легкий набряк
"Допоможіть, запалення сечового міхура, цистит, дискомфорт",urologist,medium,допоможіть запалення сечового міхура цистит дискомфорт
"У мого родича пече в грудях, гострий біль за грудиною",cardiologist,high,у мого родича пече в грудях гострий біль за грудиною
"Раптово почалося: прискорене серцебиття, пульс 110 в стані спокою",cardiologist,medium,раптово почалося прискорене серцебиття пульс 110 в стані спокою
"Підкажіть, що робити, якщо сухість в очах, відчуття піску під повіками",ophthalmologist,low,підкажіть що робити якщо сухість в очах відчуття піску під повіками
"Сильно болить горло, важко ковтати їжу",therapist,medium,сильно болить горло важко ковтати їжу
"Сильно турбує те, що сильно набряк палець, пульсує і виділяється гній",surgeon,medium,сильно турбує те що сильно набряк палець пульсує і виділяється гній
У мого родича періодичний ниючий біль у ділянці попереку,urologist,low,у мого родича періодичний ниючий біль у ділянці попереку
"Вже кілька днів пече в грудях, гострий біль за грудиною",cardiologist,high,вже кілька днів пече в грудях гострий біль за грудиною
"Печія після жирної їжі, легка гіркота в роті",gastroenterologist,low,печія після жирної їжі легка гіркота в роті
"У мого родича підозра на апендицит, блювота, живіт як дошка твердий",surgeon,high,у мого родича підозра на апендицит блювота живіт як дошка твердий
"Сильний удар ліктя, рука опухла і посиніла",traumatologist,medium,сильний удар ліктя рука опухла і посиніла
"Невелика гуля на спині, жировик під шкірою",surgeon,low,невелика гуля на спині жировик під шкірою
У мого родича першіння в горлі та легкий нежить,therapist,low,у мого родича першіння в горлі та легкий нежить
"У мого родича сильний набряк повіки, вискочив великий ячмінь",ophthalmologist,medium,у мого родича сильний набряк повіки вискочив великий ячмінь
"Вже кілька днів очі почервоніли, закисають зранку, виділяється гній",ophthalmologist,medium,вже кілька днів очі почервоніли закисають зранку виділяється гній
"Сильно турбує те, що око сильно сльозиться і пече, лопнули капіляри",ophthalmologist,medium,сильно турбує те що око сильно сльозиться і пече лопнули капіляри
"Допоможіть, дитині потрібен плановий огляд та довідка в садочок",pediatrician,low,допоможіть дитині потрібен плановий огляд та довідка в садочок
"Допоможіть, кривава блювота або чорний стілець, гострий спазм",gastroenterologist,high,допоможіть кривава блювота або чорний стілець гострий спазм
"Скажіть, будь ласка, чому підвернув ногу, є невеликий набряк, але ходити можу",traumatologist,medium,скажіть будь ласка чому підвернув ногу є невеликий набряк але ходити можу
"Підкажіть, що робити, якщо температура 38.5, кашель і озноб",therapist,medium,підкажіть що робити якщо температура 38 5 кашель і озноб
"Скажіть, будь ласка, чому сухість рук та тріщини на пальцях",dermatologist,low,скажіть будь ласка чому сухість рук та тріщини на пальцях
"Скажіть, будь ласка, чому періодично німіють мізинці на руках",neurologist,low,скажіть будь ласка чому періодично німіють мізинці на руках
"Раптово почалося: раптово зник зір на одному оці, гострий біль всередині",ophthalmologist,high,раптово почалося раптово зник зір на одному оці гострий біль всередині
Періодично закладає одне вухо після басейну,otolaryngologist,low,періодично закладає одне вухо після басейну
"Допоможіть, стороннє тіло у дихальних шляхах, дитина задихається",otolaryngologist,high,допоможіть стороннє тіло у дихальних шляхах дитина задихається
"Скажіть, будь ласка, чому швидко втомлююся, постійна сонливість без причини",endocrinologist,low,скажіть будь ласка чому швидко втомлююся постійна сонливість без причини
"Раптово почалося: тисне серце, біль віддає в ліву руку та щелепу",cardiologist,high,раптово почалося тисне серце біль віддає в ліву руку та щелепу
"Допоможіть, постійний шум у вухах і темніє в очах",neurologist,medium,допоможіть постійний шум у вухах і темніє в очах
"Підкажіть, що робити, якщо болить плече або м'язи після тренування в залі",traumatologist,low,підкажіть що робити якщо болить плече або м язи після тренування в залі
"Допоможіть, першіння в горлі та легкий нежить",therapist,low,допоможіть першіння в горлі та легкий нежить
"Допоможіть, прискорене серцебиття, пульс 110 в стані спокою",cardiologist,medium,допоможіть прискорене серцебиття пульс 110 в стані спокою
"Вже кілька днів невелика гуля на спині, жировик під шкірою",surgeon,low,вже кілька днів невелика гуля на спині жировик під шкірою
"Скажіть, будь ласка, чому ниючий біль у шиї після роботи за комп'ютером",neurologist,low,скажіть будь ласка чому ниючий біль у шиї після роботи за комп ютером
"Раптово почалося: першіння в носоглотці, сухість у носі",otolaryngologist,low,раптово почалося першіння в носоглотці сухість у носі
"Скажіть, будь ласка, чому запалення сечового міхура, цистит, дискомфорт",urologist,medium,скажіть будь ласка чому запалення сечового міхура цистит дискомфорт
"Червона висипка на тілі, яка сильно чешеться",dermatologist,medium,червона висипка на тілі яка сильно чешеться
"Скажіть, будь ласка, чому високий тиск 150 на 90, крутиться голова",cardiologist,medium,скажіть будь ласка чому високий тиск 150 на 90 крутиться голова
"Вже кілька днів стріляє у вусі, заклало ніс, болять пазухи",otolaryngologist,medium,вже кілька днів стріляє у вусі заклало ніс болять пазухи
З'явилася лупа та свербіж голови,dermatologist,low,з явилася лупа та свербіж голови
"У мене стріляє в спині, защемило нерв, не можу розігнутися",neurologist,high,у мене стріляє в спині защемило нерв не можу розігнутися
"У мене діабетична криза, втрата свідомості, різкий запах ацетону",endocrinologist,high,у мене діабетична криза втрата свідомості різкий запах ацетону
"Ангіна, білий наліт на мигдаликах, важко ковтати",otolaryngologist,medium,ангіна білий наліт на мигдаликах важко ковтати
"Сильна носова кровотеча, яка йде вже півгодини",otolaryngologist,high,сильна носова кровотеча яка йде вже півгодини
Раптово почалося: пропав нюх через хронічний нежить,otolaryngologist,low,раптово почалося пропав нюх через хронічний нежить
"У мене помітив кров у сечі, сильний біль у ділянці паху",urologist,high,у мене помітив кров у сечі сильний біль у ділянці паху
"Допоможіть, нудота після їжі, кисла відрижка вже кілька днів",gastroenterologist,medium,допоможіть нудота після їжі кисла відрижка вже кілька днів
"Раптово почалося: гостра затримка сечі, нестерпний біль, ниркова коліка",urologist,high,раптово почалося гостра затримка сечі нестерпний біль ниркова коліка
"Скажіть, будь ласка, чому ломить суглоби, застудився під кондиціонером",therapist,medium,скажіть будь ласка чому ломить суглоби застудився під кондиціонером
"Вже кілька днів діабетична криза, втрата свідомості, різкий запах ацетону",endocrinologist,high,вже кілька днів діабетична криза втрата свідомості різкий запах ацетону
"Допоможіть, тисне серце, біль віддає в ліву руку та щелепу",cardiologist,high,допоможіть тисне серце біль віддає в ліву руку та щелепу
"Підкажіть, що робити, якщо сильна носова кровотеча, яка йде вже півгодини",otolaryngologist,high,підкажіть що робити якщо сильна носова кровотеча яка йде вже півгодини
У мене сухість рук та тріщини на пальцях,dermatologist,low,у мене сухість рук та тріщини на пальцях
"Відчуваю, що першіння в горлі та легкий нежить",therapist,low,відчуваю що першіння в горлі та легкий нежить
"У мене нудота після їжі, кисла відрижка вже кілька днів",gastroenterologist,medium,у мене нудота після їжі кисла відрижка вже кілька днів
"Підкажіть, що робити, якщо ломить суглоби, застудився під кондиціонером",therapist,medium,підкажіть що робити якщо ломить суглоби застудився під кондиціонером
"У мене біль у нирках, підвищилася температура до 38",urologist,medium,у мене біль у нирках підвищилася температура до 38
"У мого родича різко почало випадати волосся, нігті ламаються",endocrinologist,low,у мого родича різко почало випадати волосся нігті ламаються
"Скажіть, будь ласка, чому нудота після їжі, кисла відрижка вже кілька днів",gastroenterologist,medium,скажіть будь ласка чому нудота після їжі кисла відрижка вже кілька днів
"Скажіть, будь ласка, чому пропав нюх через хронічний нежить",otolaryngologist,low,скажіть будь ласка чому пропав нюх через хронічний нежить
Важкість у шлунку та постійне здуття живота,gastroenterologist,low,важкість у шлунку та постійне здуття живота
"Сильно турбує те, що постійний шум у вухах і темніє в очах",neurologist,medium,сильно турбує те що постійний шум у вухах і темніє в очах
"Допоможіть, почав гірше бачити текст вдалині, розмиваються літери",ophthalmologist,low,допоможіть почав гірше бачити текст вдалині розмиваються літери
"Скажіть, будь ласка, чому раптова гостра алергічна реакція, все тіло вкрилося плямами",dermatologist,high,скажіть будь ласка чому раптова гостра алергічна реакція все тіло вкрилося плямами
"Відчуваю, що постійна втома, немає сил зранку",therapist,low,відчуваю що постійна втома немає сил зранку
"Відчуваю, що сильне серцебиття, тремтять руки, постійно жарко",endocrinologist,medium,відчуваю що сильне серцебиття тремтять руки постійно жарко
"Допоможіть, у донечки висип по всьому тілу, схоже на вітрянку",pediatrician,medium,допоможіть у донечки висип по всьому тілу схоже на вітрянку
"Вже кілька днів різі при сечовипусканні, тягне внизу живота",urologist,medium,вже кілька днів різі при сечовипусканні тягне внизу живота
"Раптово почалося: підозра на пупкову грижу, випинання болить",surgeon,medium,раптово почалося підозра на пупкову грижу випинання болить
"У мого родича раптова гостра алергічна реакція, все тіло вкрилося плямами",dermatologist,high,у мого родича раптова гостра алергічна реакція все тіло вкрилося плямами
"Допоможіть, температура 38.5, кашель і озноб",therapist,medium,допоможіть температура 38 5 кашель і озноб
"Відчуваю, що запалення сечового міхура, цистит, дискомфорт",urologist,medium,відчуваю що запалення сечового міхура цистит дискомфорт
"Раптово почалося: запалився лімфовузол під пахвою, боляче торкатися",surgeon,medium,раптово почалося запалився лімфовузол під пахвою боляче торкатися
"У мого родича дитина задихається від гавкаючого кашлю, синіють губи",pediatrician,high,у мого родича дитина задихається від гавкаючого кашлю синіють губи
"Підкажіть, що робити, якщо запалення сечового міхура, цистит, дискомфорт",urologist,medium,підкажіть що робити якщо запалення сечового міхура цистит дискомфорт
"Підкажіть, що робити, якщо різко почало випадати волосся, нігті ламаються",endocrinologist,low,підкажіть що робити якщо різко почало випадати волосся нігті ламаються
"Сильно турбує те, що втрата голосу, сильний гавкаючий кашель і біль у горлі",otolaryngologist,medium,сильно турбує те що втрата голосу сильний гавкаючий кашель і біль у горлі
"Раптово почалося: червона висипка на тілі, яка сильно чешеться",dermatologist,medium,раптово почалося червона висипка на тілі яка сильно чешеться
"Сильно турбує те, що діабетична криза, втрата свідомості, різкий запах ацетону",endocrinologist,high,сильно турбує те що діабетична криза втрата свідомості різкий запах ацетону
"У мене різко набрав вагу, хоча дієта не змінювалася",endocrinologist,low,у мене різко набрав вагу хоча дієта не змінювалася
"Сильно турбує те, що болить шлунок натщесерце, ниючий біль під ребрами",gastroenterologist,medium,сильно турбує те що болить шлунок натщесерце ниючий біль під ребрами
"Біль у нирках, підвищилася температура до 38",urologist,medium,біль у нирках підвищилася температура до 38
"Допоможіть, біль у нирках, підвищилася температура до 38",urologist,medium,допоможіть біль у нирках підвищилася температура до 38
"У мого родича підвернув ногу, є невеликий набряк, але ходити можу",traumatologist,medium,у мого родича підвернув ногу є невеликий набряк але ходити можу
"У мого родича запалення сечового міхура, цистит, дискомфорт",urologist,medium,у мого родича запалення сечового міхура цистит дискомфорт
Вже кілька днів дуже лущиться шкіра на обличчі,dermatologist,low,вже кілька днів дуже лущиться шкіра на обличчі
"Стріляє у вусі, заклало ніс, болять пазухи",otolaryngologist,medium,стріляє у вусі заклало ніс болять пазухи
"Вже кілька днів тисне серце, біль віддає в ліву руку та щелепу",cardiologist,high,вже кілька днів тисне серце біль віддає в ліву руку та щелепу
Пропав нюх через хронічний нежить,otolaryngologist,low,пропав нюх через хронічний нежить
"Відчуваю, що швидко втомлюються очі під час роботи за монітором",ophthalmologist,low,відчуваю що швидко втомлюються очі під час роботи за монітором
"Відчуваю, що сильний набряк повіки, вискочив великий ячмінь",ophthalmologist,medium,відчуваю що сильний набряк повіки вискочив великий ячмінь
"У мене високий тиск 150 на 90, крутиться голова",cardiologist,medium,у мене високий тиск 150 на 90 крутиться голова
"Відчуваю, що раптова гостра алергічна реакція, все тіло вкрилося плямами",dermatologist,high,відчуваю що раптова гостра алергічна реакція все тіло вкрилося плямами
"Відчуваю, що пропав нюх через хронічний нежить",otolaryngologist,low,відчуваю що пропав нюх через хронічний нежить
"Сильно турбує те, що скаче пульс після кави або чаю",cardiologist,low,сильно турбує те що скаче пульс після кави або чаю
"У мене у дитини кашель, соплі, але температури немає",pediatrician,medium,у мене у дитини кашель соплі але температури немає
"У мого родича малюк погано спить, капризує під час годування",pediatrician,low,у мого родича малюк погано спить капризує під час годування
"Відчуваю, що сильний удар ліктя, рука опухла і посиніла",traumatologist,medium,відчуваю що сильний удар ліктя рука опухла і посиніла
"У мого родича високий тиск 150 на 90, крутиться голова",cardiologist,medium,у мого родича високий тиск 150 на 90 крутиться голова
"Сильно турбує те, що сильно болить горло, важко ковтати їжу",therapist,medium,сильно турбує те що сильно болить горло важко ковтати їжу
"У мене тисне серце, біль віддає в ліву руку та щелепу",cardiologist,high,у мене тисне серце біль віддає в ліву руку та щелепу
"Сильно турбує те, що дитині потрібен плановий огляд та довідка в садочок",pediatrician,low,сильно турбує те що дитині потрібен плановий огляд та довідка в садочок
"Відчуваю, що часті походи в туалет, але без болю",urologist,low,відчуваю що часті походи в туалет але без болю
"Допоможіть, стара родимка змінила форму та потемніла",dermatologist,medium,допоможіть стара родимка змінила форму та потемніла
"Скажіть, будь ласка, чому різі при сечовипусканні, тягне внизу живота",urologist,medium,скажіть будь ласка чому різі при сечовипусканні тягне внизу живота
"Скажіть, будь ласка, чому почав гірше бачити текст вдалині, розмиваються літери",ophthalmologist,low,скажіть будь ласка чому почав гірше бачити текст вдалині розмиваються літери
"Підкажіть, що робити, якщо температура 37.2 і загальна слабкість",therapist,low,підкажіть що робити якщо температура 37 2 і загальна слабкість
"Раптово почалося: запалення сечового міхура, цистит, дискомфорт",urologist,medium,раптово почалося запалення сечового міхура цистит дискомфорт
"Відчуваю, що температура 38.5, кашель і озноб",therapist,medium,відчуваю що температура 38 5 кашель і озноб
"Вже кілька днів у немовляти температура 39, не збивається нурофеном",pediatrician,high,вже кілька днів у немовляти температура 39 не збивається нурофеном
"Сильно турбує те, що ниючий біль у шиї після роботи за комп'ютером",neurologist,low,сильно турбує те що ниючий біль у шиї після роботи за комп ютером
"Сильно турбує те, що стріляє в спині, защемило нерв, не можу розігнутися",neurologist,high,сильно турбує те що стріляє в спині защемило нерв не можу розігнутися
"У мого родича постійна спрага, п'ю дуже багато води, сухо в роті",endocrinologist,medium,у мого родича постійна спрага п ю дуже багато води сухо в роті
"У мене підвернув ногу, є невеликий набряк, але ходити можу",traumatologist,medium,у мене підвернув ногу є невеликий набряк але ходити можу
"Сильно турбує те, що періодично закладає одне вухо після басейну",otolaryngologist,low,сильно турбує те що періодично закладає одне вухо після басейну
"Допоможіть, стріляє у вусі, заклало ніс, болять пазухи",otolaryngologist,medium,допоможіть стріляє у вусі заклало ніс болять пазухи
"Допоможіть, ангіна, білий наліт на мигдаликах, важко ковтати",otolaryngologist,medium,допоможіть ангіна білий наліт на мигдаликах важко ковтати
Вже кілька днів легке запаморочення при різкому підйомі,neurologist,low,вже кілька днів легке запаморочення при різкому підйомі
"Глибокий поріз склом, сильна кровотеча не зупиняється",traumatologist,high,глибокий поріз склом сильна кровотеча не зупиняється
"Допоможіть, ниючий біль у попереку, важко нахилятися",neurologist,medium,допоможіть ниючий біль у попереку важко нахилятися
"Раптово почалося: малюк погано спить, капризує під час годування",pediatrician,low,раптово почалося малюк погано спить капризує під час годування
"Тисне серце, біль віддає в ліву руку та щелепу",cardiologist,high,тисне серце біль віддає в ліву руку та щелепу
"Очі почервоніли, закисають зранку, виділяється гній",ophthalmologist,medium,очі почервоніли закисають зранку виділяється гній
"Першіння в носоглотці, сухість у носі",otolaryngologist,low,першіння в носоглотці сухість у носі
"Сильно турбує те, що сильне серцебиття, тремтять руки, постійно жарко",endocrinologist,medium,сильно турбує те що сильне серцебиття тремтять руки постійно жарко
Болить плече або м'язи після тренування в залі,traumatologist,low,болить плече або м язи після тренування в залі
"Допоможіть, око сильно сльозиться і пече, лопнули капіляри",ophthalmologist,medium,допоможіть око сильно сльозиться і пече лопнули капіляри
"Підкажіть, що робити, якщо важкість у шлунку та постійне здуття живота",gastroenterologist,low,підкажіть що робити якщо важкість у шлунку та постійне здуття живота
"Допоможіть, пече в грудях, гострий біль за грудиною",cardiologist,high,допоможіть пече в грудях гострий біль за грудиною
"Відчуваю, що пече в грудях, гострий біль за грудиною",cardiologist,high,відчуваю що пече в грудях гострий біль за грудиною
"Підкажіть, що робити, якщо ангіна, білий наліт на мигдаликах, важко ковтати",otolaryngologist,medium,підкажіть що робити якщо ангіна білий наліт на мигдаликах важко ковтати
Вже кілька днів профілактичний огляд чоловічого здоров'я,urologist,low,вже кілька днів профілактичний огляд чоловічого здоров я
"Раптово почалося: сильна носова кровотеча, яка йде вже півгодини",otolaryngologist,high,раптово почалося сильна носова кровотеча яка йде вже півгодини
"У мого родича стріляє у вусі, заклало ніс, болять пазухи",otolaryngologist,medium,у мого родича стріляє у вусі заклало ніс болять пазухи
"Підкажіть, що робити, якщо нагноєння старої подряпини, легкий набряк",surgeon,low,підкажіть що робити якщо нагноєння старої подряпини легкий набряк
"Сильно турбує те, що дитина задихається від гавкаючого кашлю, синіють губи",pediatrician,high,сильно турбує те що дитина задихається від гавкаючого кашлю синіють губи
"Скажіть, будь ласка, чому невелика гуля на спині, жировик під шкірою",surgeon,low,скажіть будь ласка чому невелика гуля на спині жировик під шкірою
"Відчуваю, що з'явилася лупа та свербіж голови",dermatologist,low,відчуваю що з явилася лупа та свербіж голови
"Сильно турбує те, що прискорене серцебиття, пульс 110 в стані спокою",cardiologist,medium,сильно турбує те що прискорене серцебиття пульс 110 в стані спокою
"Швидко втомлююся, постійна сонливість без причини",endocrinologist,low,швидко втомлююся постійна сонливість без причини
"Підкажіть, що робити, якщо відкритий перелом, рука крива, сильний біль і шок",traumatologist,high,підкажіть що робити якщо відкритий перелом рука крива сильний біль і шок
"Сильно турбує те, що пече в грудях, гострий біль за грудиною",cardiologist,high,сильно турбує те що пече в грудях гострий біль за грудиною
"У мого родича різі при сечовипусканні, тягне внизу живота",urologist,medium,у мого родича різі при сечовипусканні тягне внизу живота
"Допоможіть, червона висипка на тілі, яка сильно чешеться",dermatologist,medium,допоможіть червона висипка на тілі яка сильно чешеться
"У мого родича відкритий перелом, рука крива, сильний біль і шок",traumatologist,high,у мого родича відкритий перелом рука крива сильний біль і шок
"У мого родича страшна мігрень, таблетки не допомагають",neurologist,medium,у мого родича страшна мігрень таблетки не допомагають
"Сильно турбує те, що ниючий біль у попереку, важко нахилятися",neurologist,medium,сильно турбує те що ниючий біль у попереку важко нахилятися
Дитині потрібен плановий огляд та довідка в садочок,pediatrician,low,дитині потрібен плановий огляд та довідка в садочок
"Вже кілька днів прискорене серцебиття, пульс 110 в стані спокою",cardiologist,medium,вже кілька днів прискорене серцебиття пульс 110 в стані спокою
"Сильно турбує те, що з'явилася лупа та свербіж голови",dermatologist,low,сильно турбує те що з явилася лупа та свербіж голови
Вже кілька днів стара родимка змінила форму та потемніла,dermatologist,medium,вже кілька днів стара родимка змінила форму та потемніла
"Підкажіть, що робити, якщо у донечки висип по всьому тілу, схоже на вітрянку",pediatrician,medium,підкажіть що робити якщо у донечки висип по всьому тілу схоже на вітрянку
"Відчуваю, що періодично німіють мізинці на руках",neurologist,low,відчуваю що періодично німіють мізинці на руках
"Скажіть, будь ласка, чому малюк погано спить, капризує під час годування",pediatrician,low,скажіть будь ласка чому малюк погано спить капризує під час годування
"Підкажіть, що робити, якщо почав гірше бачити текст вдалині, розмиваються літери",ophthalmologist,low,підкажіть що робити якщо почав гірше бачити текст вдалині розмиваються літери
"Вже кілька днів сильне серцебиття, тремтять руки, постійно жарко",endocrinologist,medium,вже кілька днів сильне серцебиття тремтять руки постійно жарко
"У мого родича прискорене серцебиття, пульс 110 в стані спокою",cardiologist,medium,у мого родича прискорене серцебиття пульс 110 в стані спокою
"Допоможіть, пропав нюх через хронічний нежить",otolaryngologist,low,допоможіть пропав нюх через хронічний нежить
Вже кілька днів дитині потрібен плановий огляд та довідка в садочок,pediatrician,low,вже кілька днів дитині потрібен плановий огляд та довідка в садочок
"Часті перепади настрою, збільшилася щитовидна залоза",endocrinologist,medium,часті перепади настрою збільшилася щитовидна залоза
"Сильно турбує те, що швидко втомлюються очі під час роботи за монітором",ophthalmologist,low,сильно турбує те що швидко втомлюються очі під час роботи за монітором
"Відчуваю, що діабетична криза, втрата свідомості, різкий запах ацетону",endocrinologist,high,відчуваю що діабетична криза втрата свідомості різкий запах ацетону
У мого родича водянисті пухирі на ногах після алергії,dermatologist,medium,у мого родича водянисті пухирі на ногах після алергії
"У мене першіння в носоглотці, сухість у носі",otolaryngologist,low,у мене першіння в носоглотці сухість у носі
"Підкажіть, що робити, якщо діабетична криза, втрата свідомості, різкий запах ацетону",endocrinologist,high,підкажіть що робити якщо діабетична криза втрата свідомості різкий запах ацетону
"Скажіть, будь ласка, чому стороннє тіло у дихальних шляхах, дитина задихається",otolaryngologist,high,скажіть будь ласка чому стороннє тіло у дихальних шляхах дитина задихається
У мене періодичний ниючий біль у ділянці попереку,urologist,low,у мене періодичний ниючий біль у ділянці попереку
Раптово почалося: періодично закладає одне вухо після басейну,otolaryngologist,low,раптово почалося періодично закладає одне вухо після басейну
"Допоможіть, раптово зник зір на одному оці, гострий біль всередині",ophthalmologist,high,допоможіть раптово зник зір на одному оці гострий біль всередині
"Сильно турбує те, що почав гірше бачити текст вдалині, розмиваються літери",ophthalmologist,low,сильно турбує те що почав гірше бачити текст вдалині розмиваються літери
"Відчуваю, що гострий ріжучий біль в правому боці живота, нудота",surgeon,high,відчуваю що гострий ріжучий біль в правому боці живота нудота
"Вже кілька днів біль у нирках, підвищилася температура до 38",urologist,medium,вже кілька днів біль у нирках підвищилася температура до 38
"У мого родича болить шлунок натщесерце, ниючий біль під ребрами",gastroenterologist,medium,у мого родича болить шлунок натщесерце ниючий біль під ребрами
"Допоможіть, легке запаморочення при різкому підйомі",neurologist,low,допоможіть легке запаморочення при різкому підйомі
"У мого родича око сильно сльозиться і пече, лопнули капіляри",ophthalmologist,medium,у мого родича око сильно сльозиться і пече лопнули капіляри
"У мене у сина болить вушко, плаче і тримається за голову",pediatrician,medium,у мене у сина болить вушко плаче і тримається за голову
"Відчуваю, що періодичні закрепи або проблеми з травленням",gastroenterologist,low,відчуваю що періодичні закрепи або проблеми з травленням
"Вже кілька днів високий тиск 150 на 90, крутиться голова",cardiologist,medium,вже кілька днів високий тиск 150 на 90 крутиться голова
"У мене стороннє тіло у дихальних шляхах, дитина задихається",otolaryngologist,high,у мене стороннє тіло у дихальних шляхах дитина задихається
"Вже кілька днів фурункул запалився, набряк, гарячий на дотик",dermatologist,high,вже кілька днів фурункул запалився набряк гарячий на дотик
"Відчуваю, що різко набрав вагу, хоча дієта не змінювалася",endocrinologist,low,відчуваю що різко набрав вагу хоча дієта не змінювалася
"Допоможіть, відкритий перелом, рука крива, сильний біль і шок",traumatologist,high,допоможіть відкритий перелом рука крива сильний біль і шок
"У мене втрата голосу, сильний гавкаючий кашель і біль у горлі",otolaryngologist,medium,у мене втрата голосу сильний гавкаючий кашель і біль у горлі
"Сильно турбує те, що запалився лімфовузол під пахвою, боляче торкатися",surgeon,medium,сильно турбує те що запалився лімфовузол під пахвою боляче торкатися
"У мене гостра затримка сечі, нестерпний біль, ниркова коліка",urologist,high,у мене гостра затримка сечі нестерпний біль ниркова коліка
"У мене різко почало випадати волосся, нігті ламаються",endocrinologist,low,у мене різко почало випадати волосся нігті ламаються
"Сильно турбує те, що фурункул запалився, набряк, гарячий на дотик",dermatologist,high,сильно турбує те що фурункул запалився набряк гарячий на дотик
"Сильно турбує те, що різко почало випадати волосся, нігті ламаються",endocrinologist,low,сильно турбує те що різко почало випадати волосся нігті ламаються
"Відчуваю, що втрата голосу, сильний гавкаючий кашель і біль у горлі",otolaryngologist,medium,відчуваю що втрата голосу сильний гавкаючий кашель і біль у горлі
"Допоможіть, відняло ліву ногу, сильне оніміння половини тіла",neurologist,high,допоможіть відняло ліву ногу сильне оніміння половини тіла
"Підкажіть, що робити, якщо першіння в носоглотці, сухість у носі",otolaryngologist,low,підкажіть що робити якщо першіння в носоглотці сухість у носі
"Малюк погано спить, капризує під час годування",pediatrician,low,малюк погано спить капризує під час годування
"Вже кілька днів часті перепади настрою, збільшилася щитовидна залоза",endocrinologist,medium,вже кілька днів часті перепади настрою збільшилася щитовидна залоза
"У мого родича почав гірше бачити текст вдалині, розмиваються літери",ophthalmologist,low,у мого родича почав гірше бачити текст вдалині розмиваються літери
"Підкажіть, що робити, якщо сильно набряк палець, пульсує і виділяється гній",surgeon,medium,підкажіть що робити якщо сильно набряк палець пульсує і виділяється гній
"Підкажіть, що робити, якщо ниючий біль у шиї після роботи за комп'ютером",neurologist,low,підкажіть що робити якщо ниючий біль у шиї після роботи за комп ютером
"Допоможіть, періодично закладає одне вухо після басейну",otolaryngologist,low,допоможіть періодично закладає одне вухо після басейну
Вже кілька днів пропав нюх через хронічний нежить,otolaryngologist,low,вже кілька днів пропав нюх через хронічний нежить
Вже кілька днів постійний шум у вухах і темніє в очах,neurologist,medium,вже кілька днів постійний шум у вухах і темніє в очах
"Відчуваю, що запалився лімфовузол під пахвою, боляче торкатися",surgeon,medium,відчуваю що запалився лімфовузол під пахвою боляче торкатися
"Раптово почалося: гострий ріжучий біль в правому боці живота, нудота",surgeon,high,раптово почалося гострий ріжучий біль в правому боці живота нудота
"Раптово почалося: раптова гостра алергічна реакція, все тіло вкрилося плямами",dermatologist,high,раптово почалося раптова гостра алергічна реакція все тіло вкрилося плямами
"Раптово почалося: різі при сечовипусканні, тягне внизу живота",urologist,medium,раптово почалося різі при сечовипусканні тягне внизу живота
"Раптово почалося: око сильно сльозиться і пече, лопнули капіляри",ophthalmologist,medium,раптово почалося око сильно сльозиться і пече лопнули капіляри
"Вже кілька днів печія після жирної їжі, легка гіркота в роті",gastroenterologist,low,вже кілька днів печія після жирної їжі легка гіркота в роті
"Допоможіть, нагноєння старої подряпини, легкий набряк",surgeon,low,допоможіть нагноєння старої подряпини легкий набряк
"Скажіть, будь ласка, чому болить шлунок натщесерце, ниючий біль під ребрами",gastroenterologist,medium,скажіть будь ласка чому болить шлунок натщесерце ниючий біль під ребрами
У мого родича пропав нюх через хронічний нежить,otolaryngologist,low,у мого родича пропав нюх через хронічний нежить
"Допоможіть, гостра затримка сечі, нестерпний біль, ниркова коліка",urologist,high,допоможіть гостра затримка сечі нестерпний біль ниркова коліка
"Допоможіть, помітив кров у сечі, сильний біль у ділянці паху",urologist,high,допоможіть помітив кров у сечі сильний біль у ділянці паху
"Підкажіть, що робити, якщо часті перепади настрою, збільшилася щитовидна залоза",endocrinologist,medium,підкажіть що робити якщо часті перепади настрою збільшилася щитовидна залоза
"У мого родича глибокий поріз склом, сильна кровотеча не зупиняється",traumatologist,high,у мого родича глибокий поріз склом сильна кровотеча не зупиняється
"Вже кілька днів швидко втомлююся, постійна сонливість без причини",endocrinologist,low,вже кілька днів швидко втомлююся постійна сонливість без причини
"Скажіть, будь ласка, чому першіння в носоглотці, сухість у носі",otolaryngologist,low,скажіть будь ласка чому першіння в носоглотці сухість у носі
"Раптово почалося: різко почало випадати волосся, нігті ламаються",endocrinologist,low,раптово почалося різко почало випадати волосся нігті ламаються
"Відчуваю, що болить плече або м'язи після тренування в залі",traumatologist,low,відчуваю що болить плече або м язи після тренування в залі
"Підкажіть, що робити, якщо різі при сечовипусканні, тягне внизу живота",urologist,medium,підкажіть що робити якщо різі при сечовипусканні тягне внизу живота
"Допоможіть, підвернув ногу, є невеликий набряк, але ходити можу",traumatologist,medium,допоможіть підвернув ногу є невеликий набряк але ходити можу
"Скажіть, будь ласка, чому іноді покалює зліва в грудях під час ходьби",cardiologist,low,скажіть будь ласка чому іноді покалює зліва в грудях під час ходьби
Вже кілька днів періодично німіють мізинці на руках,neurologist,low,вже кілька днів періодично німіють мізинці на руках
"Підкажіть, що робити, якщо стороннє тіло у дихальних шляхах, дитина задихається",otolaryngologist,high,підкажіть що робити якщо стороннє тіло у дихальних шляхах дитина задихається
"У мого родича тисне серце, біль віддає в ліву руку та щелепу",cardiologist,high,у мого родича тисне серце біль віддає в ліву руку та щелепу
"Раптово почалося: коліки в животі, метеоризм, ріже навколо пупка",gastroenterologist,medium,раптово почалося коліки в животі метеоризм ріже навколо пупка
"Скажіть, будь ласка, чому температура 38.5, кашель і озноб",therapist,medium,скажіть будь ласка чому температура 38 5 кашель і озноб
"Нестерпний біль у шлунку, сильне отруєння та діарея",gastroenterologist,high,нестерпний біль у шлунку сильне отруєння та діарея
Сухість рук та тріщини на пальцях,dermatologist,low,сухість рук та тріщини на пальцях
"Раптово почалося: стріляє у вусі, заклало ніс, болять пазухи",otolaryngologist,medium,раптово почалося стріляє у вусі заклало ніс болять пазухи
"Раптово почалося: сильне серцебиття, тремтять руки, постійно жарко",endocrinologist,medium,раптово почалося сильне серцебиття тремтять руки постійно жарко
"Раптово почалося: швидко втомлююся, постійна сонливість без причини",endocrinologist,low,раптово почалося швидко втомлююся постійна сонливість без причини
"Скажіть, будь ласка, чому різко почало випадати волосся, нігті ламаються",endocrinologist,low,скажіть будь ласка чому різко почало випадати волосся нігті ламаються
"У мене різі при сечовипусканні, тягне внизу живота",urologist,medium,у мене різі при сечовипусканні тягне внизу живота
"Сильно турбує те, що очі почервоніли, закисають зранку, виділяється гній",ophthalmologist,medium,сильно турбує те що очі почервоніли закисають зранку виділяється гній
"Скажіть, будь ласка, чому незначні перепади тиску вечорами",cardiologist,low,скажіть будь ласка чому незначні перепади тиску вечорами
"Сильно турбує те, що стара травма коліна ниє на зміну погоди",traumatologist,low,сильно турбує те що стара травма коліна ниє на зміну погоди
Періодично німіють мізинці на руках,neurologist,low,періодично німіють мізинці на руках
"Вже кілька днів сильний набряк повіки, вискочив великий ячмінь",ophthalmologist,medium,вже кілька днів сильний набряк повіки вискочив великий ячмінь
"Раптово почалося: підвернув ногу, є невеликий набряк, але ходити можу",traumatologist,medium,раптово почалося підвернув ногу є невеликий набряк але ходити можу
"Стороннє тіло у дихальних шляхах, дитина задихається",otolaryngologist,high,стороннє тіло у дихальних шляхах дитина задихається
"Дитина задихається від гавкаючого кашлю, синіють губи",pediatrician,high,дитина задихається від гавкаючого кашлю синіють губи
"Сильно турбує те, що болить плече або м'язи після тренування в залі",traumatologist,low,сильно турбує те що болить плече або м язи після тренування в залі
"Сильно турбує те, що постійна спрага, п'ю дуже багато води, сухо в роті",endocrinologist,medium,сильно турбує те що постійна спрага п ю дуже багато води сухо в роті
"Відчуваю, що стара родимка змінила форму та потемніла",dermatologist,medium,відчуваю що стара родимка змінила форму та потемніла
"Вже кілька днів підозра на апендицит, блювота, живіт як дошка твердий",surgeon,high,вже кілька днів підозра на апендицит блювота живіт як дошка твердий
"Допоможіть, підозра на апендицит, блювота, живіт як дошка твердий",surgeon,high,допоможіть підозра на апендицит блювота живіт як дошка твердий
"Відчуваю, що в око потрапила хімічна речовина або залізна стружка",ophthalmologist,high,відчуваю що в око потрапила хімічна речовина або залізна стружка
"Відчуваю, що різко почало випадати волосся, нігті ламаються",endocrinologist,low,відчуваю що різко почало випадати волосся нігті ламаються
"Допоможіть, водянисті пухирі на ногах після алергії",dermatologist,medium,допоможіть водянисті пухирі на ногах після алергії
Раптово почалося: температура 37.2 і загальна слабкість,therapist,low,раптово почалося температура 37 2 і загальна слабкість
"Підкажіть, що робити, якщо в око потрапила хімічна речовина або залізна стружка",ophthalmologist,high,підкажіть що робити якщо в око потрапила хімічна речовина або залізна стружка
"Вже кілька днів першіння в носоглотці, сухість у носі",otolaryngologist,low,вже кілька днів першіння в носоглотці сухість у носі
"Підкажіть, що робити, якщо часті походи в туалет, але без болю",urologist,low,підкажіть що робити якщо часті походи в туалет але без болю
"Вже кілька днів глибокий поріз склом, сильна кровотеча не зупиняється",traumatologist,high,вже кілька днів глибокий поріз склом сильна кровотеча не зупиняється
"Підкажіть, що робити, якщо очі почервоніли, закисають зранку, виділяється гній",ophthalmologist,medium,підкажіть що робити якщо очі почервоніли закисають зранку виділяється гній
"Відчуваю, що нестерпний біль у шлунку, сильне отруєння та діарея",gastroenterologist,high,відчуваю що нестерпний біль у шлунку сильне отруєння та діарея
"Скажіть, будь ласка, чому сухість в очах, відчуття піску під повіками",ophthalmologist,low,скажіть будь ласка чому сухість в очах відчуття піску під повіками
"Сильно турбує те, що сильна носова кровотеча, яка йде вже півгодини",otolaryngologist,high,сильно турбує те що сильна носова кровотеча яка йде вже півгодини
"Підкажіть, що робити, якщо незначні перепади тиску вечорами",cardiologist,low,підкажіть що робити якщо незначні перепади тиску вечорами
"Допоможіть, сухість в очах, відчуття піску під повіками",ophthalmologist,low,допоможіть сухість в очах відчуття піску під повіками
"Сильно турбує те, що підвернув ногу, є невеликий набряк, але ходити можу",traumatologist,medium,сильно турбує те що підвернув ногу є невеликий набряк але ходити можу
"Відчуваю, що дитині потрібен плановий огляд та довідка в садочок",pediatrician,low,відчуваю що дитині потрібен плановий огляд та довідка в садочок
"Вже кілька днів болить шлунок натщесерце, ниючий біль під ребрами",gastroenterologist,medium,вже кілька днів болить шлунок натщесерце ниючий біль під ребрами
"Допоможіть, ломить суглоби, застудився під кондиціонером",therapist,medium,допоможіть ломить суглоби застудився під кондиціонером
"Вже кілька днів температура 38.5, кашель і озноб",therapist,medium,вже кілька днів температура 38 5 кашель і озноб
"У мого родича раптово зник зір на одному оці, гострий біль всередині",ophthalmologist,high,у мого родича раптово зник зір на одному оці гострий біль всередині
Стара родимка змінила форму та потемніла,dermatologist,medium,стара родимка змінила форму та потемніла
Раптово почалося: задишка при мінімальних фізичних навантаженнях,cardiologist,medium,раптово почалося задишка при мінімальних фізичних навантаженнях
"Допоможіть, постійна втома, немає сил зранку",therapist,low,допоможіть постійна втома немає сил зранку
"Раптово почалося: часті перепади настрою, збільшилася щитовидна залоза",endocrinologist,medium,раптово почалося часті перепади настрою збільшилася щитовидна залоза
"Фурункул запалився, набряк, гарячий на дотик",dermatologist,high,фурункул запалився набряк гарячий на дотик
У мого родича важкість у шлунку та постійне здуття живота,gastroenterologist,low,у мого родича важкість у шлунку та постійне здуття живота
"Вже кілька днів раптово зник зір на одному оці, гострий біль всередині",ophthalmologist,high,вже кілька днів раптово зник зір на одному оці гострий біль всередині
"Підкажіть, що робити, якщо запалився лімфовузол під пахвою, боляче торкатися",surgeon,medium,підкажіть що робити якщо запалився лімфовузол під пахвою боляче торкатися
"Підкажіть, що робити, якщо постійний шум у вухах і темніє в очах",neurologist,medium,підкажіть що робити якщо постійний шум у вухах і темніє в очах
"Підкажіть, що робити, якщо малюк погано спить, капризує під час годування",pediatrician,low,підкажіть що робити якщо малюк погано спить капризує під час годування
"Раптово почалося: втрата голосу, сильний гавкаючий кашель і біль у горлі",otolaryngologist,medium,раптово почалося втрата голосу сильний гавкаючий кашель і біль у горлі
"У мене підозра на апендицит, блювота, живіт як дошка твердий",surgeon,high,у мене підозра на апендицит блювота живіт як дошка твердий
"Вже кілька днів впав, підозра на тріщину в ребрі, боляче дихати",traumatologist,medium,вже кілька днів впав підозра на тріщину в ребрі боляче дихати
"Підкажіть, що робити, якщо періодичні закрепи або проблеми з травленням",gastroenterologist,low,підкажіть що робити якщо періодичні закрепи або проблеми з травленням
"Підкажіть, що робити, якщо задишка при мінімальних фізичних навантаженнях",cardiologist,medium,підкажіть що робити якщо задишка при мінімальних фізичних навантаженнях
"Вже кілька днів температура піднялася до 40, сильно знобить",therapist,high,вже кілька днів температура піднялася до 40 сильно знобить
"У мене печія після жирної їжі, легка гіркота в роті",gastroenterologist,low,у мене печія після жирної їжі легка гіркота в роті
"Допоможіть, першіння в носоглотці, сухість у носі",otolaryngologist,low,допоможіть першіння в носоглотці сухість у носі
"Підкажіть, що робити, якщо прискорене серцебиття, пульс 110 в стані спокою",cardiologist,medium,підкажіть що робити якщо прискорене серцебиття пульс 110 в стані спокою
"Відчуваю, що біль у нирках, підвищилася температура до 38",urologist,medium,відчуваю що біль у нирках підвищилася температура до 38
"Коліки в животі, метеоризм, ріже навколо пупка",gastroenterologist,medium,коліки в животі метеоризм ріже навколо пупка
"Раптово почалося: температура піднялася до 40, сильно знобить",therapist,high,раптово почалося температура піднялася до 40 сильно знобить
"Вже кілька днів постійна спрага, п'ю дуже багато води, сухо в роті",endocrinologist,medium,вже кілька днів постійна спрага п ю дуже багато води сухо в роті
Раптово почалося: першіння в горлі та легкий нежить,therapist,low,раптово почалося першіння в горлі та легкий нежить
"Відчуваю, що тисне серце, біль віддає в ліву руку та щелепу",cardiologist,high,відчуваю що тисне серце біль віддає в ліву руку та щелепу
"Ломить суглоби, застудився під кондиціонером",therapist,medium,ломить суглоби застудився під кондиціонером
Вже кілька днів періодичні закрепи або проблеми з травленням,gastroenterologist,low,вже кілька днів періодичні закрепи або проблеми з травленням
"У мого родича запалився лімфовузол під пахвою, боляче торкатися",surgeon,medium,у мого родича запалився лімфовузол під пахвою боляче торкатися
"Допоможіть, з'явилася лупа та свербіж голови",dermatologist,low,допоможіть з явилася лупа та свербіж голови
"Сильно турбує те, що в око потрапила хімічна речовина або залізна стружка",ophthalmologist,high,сильно турбує те що в око потрапила хімічна речовина або залізна стружка
"Відчуваю, що водянисті пухирі на ногах після алергії",dermatologist,medium,відчуваю що водянисті пухирі на ногах після алергії
"У мене швидко втомлююся, постійна сонливість без причини",endocrinologist,low,у мене швидко втомлююся постійна сонливість без причини
"Вже кілька днів сильно болить горло, важко ковтати їжу",therapist,medium,вже кілька днів сильно болить горло важко ковтати їжу
"Допоможіть, врослий ніготь на великому пальці ноги",surgeon,low,допоможіть врослий ніготь на великому пальці ноги
"Підкажіть, що робити, якщо сильний набряк повіки, вискочив великий ячмінь",ophthalmologist,medium,підкажіть що робити якщо сильний набряк повіки вискочив великий ячмінь
У мого родича швидко втомлюються очі під час роботи за монітором,ophthalmologist,low,у мого родича швидко втомлюються очі під час роботи за монітором
"Раптово почалося: сухість в очах, відчуття піску під повіками",ophthalmologist,low,раптово почалося сухість в очах відчуття піску під повіками
"Скажіть, будь ласка, чому ниючий біль у попереку, важко нахилятися",neurologist,medium,скажіть будь ласка чому ниючий біль у попереку важко нахилятися
"У мене почав гірше бачити текст вдалині, розмиваються літери",ophthalmologist,low,у мене почав гірше бачити текст вдалині розмиваються літери
У мене ниючий біль у шиї після роботи за комп'ютером,neurologist,low,у мене ниючий біль у шиї після роботи за комп ютером
"Відчуваю, що сухість в очах, відчуття піску під повіками",ophthalmologist,low,відчуваю що сухість в очах відчуття піску під повіками
"У мене дитина задихається від гавкаючого кашлю, синіють губи",pediatrician,high,у мене дитина задихається від гавкаючого кашлю синіють губи
"Скажіть, будь ласка, чому у немовляти температура 39, не збивається нурофеном",pediatrician,high,скажіть будь ласка чому у немовляти температура 39 не збивається нурофеном
"Відчуваю, що помітив кров у сечі, сильний біль у ділянці паху",urologist,high,відчуваю що помітив кров у сечі сильний біль у ділянці паху
"Скажіть, будь ласка, чому постійна спрага, п'ю дуже багато води, сухо в роті",endocrinologist,medium,скажіть будь ласка чому постійна спрага п ю дуже багато води сухо в роті
У мого родича легке запаморочення при різкому підйомі,neurologist,low,у мого родича легке запаморочення при різкому підйомі
У мене стара родимка змінила форму та потемніла,dermatologist,medium,у мене стара родимка змінила форму та потемніла
У мене дуже лущиться шкіра на обличчі,dermatologist,low,у мене дуже лущиться шкіра на обличчі
"Скажіть, будь ласка, чому болить плече або м'язи після тренування в залі",traumatologist,low,скажіть будь ласка чому болить плече або м язи після тренування в залі
"У мого родича сухість в очах, відчуття піску під повіками",ophthalmologist,low,у мого родича сухість в очах відчуття піску під повіками
У мене дитині потрібен плановий огляд та довідка в садочок,pediatrician,low,у мене дитині потрібен плановий огляд та довідка в садочок
"Вже кілька днів почав гірше бачити текст вдалині, розмиваються літери",ophthalmologist,low,вже кілька днів почав гірше бачити текст вдалині розмиваються літери
"Відчуваю, що печія після жирної їжі, легка гіркота в роті",gastroenterologist,low,відчуваю що печія після жирної їжі легка гіркота в роті
"У мене сильне серцебиття, тремтять руки, постійно жарко",endocrinologist,medium,у мене сильне серцебиття тремтять руки постійно жарко
"У мене раптово зник зір на одному оці, гострий біль всередині",ophthalmologist,high,у мене раптово зник зір на одному оці гострий біль всередині
"Скажіть, будь ласка, чому скаче пульс після кави або чаю",cardiologist,low,скажіть будь ласка чому скаче пульс після кави або чаю
"Скажіть, будь ласка, чому стара травма коліна ниє на зміну погоди",traumatologist,low,скажіть будь ласка чому стара травма коліна ниє на зміну погоди
"У мого родича гострий ріжучий біль в правому боці живота, нудота",surgeon,high,у мого родича гострий ріжучий біль в правому боці живота нудота
У мене температура 37.2 і загальна слабкість,therapist,low,у мене температура 37 2 і загальна слабкість
"Підкажіть, що робити, якщо профілактичний огляд чоловічого здоров'я",urologist,low,підкажіть що робити якщо профілактичний огляд чоловічого здоров я
У мене стара травма коліна ниє на зміну погоди,traumatologist,low,у мене стара травма коліна ниє на зміну погоди
Іноді покалює зліва в грудях під час ходьби,cardiologist,low,іноді покалює зліва в грудях під час ходьби
"Скажіть, будь ласка, чому стара родимка змінила форму та потемніла",dermatologist,medium,скажіть будь ласка чому стара родимка змінила форму та потемніла
"Раптово почалося: температура 38.5, кашель і озноб",therapist,medium,раптово почалося температура 38 5 кашель і озноб
"Скажіть, будь ласка, чому раптово зник зір на одному оці, гострий біль всередині",ophthalmologist,high,скажіть будь ласка чому раптово зник зір на одному оці гострий біль всередині
"Підкажіть, що робити, якщо болить шлунок натщесерце, ниючий біль під ребрами",gastroenterologist,medium,підкажіть що робити якщо болить шлунок натщесерце ниючий біль під ребрами
"Допоможіть, у дитини кашель, соплі, але температури немає",pediatrician,medium,допоможіть у дитини кашель соплі але температури немає
"Раптово почалося: у немовляти температура 39, не збивається нурофеном",pediatrician,high,раптово почалося у немовляти температура 39 не збивається нурофеном
"Відчуваю, що підозра на пупкову грижу, випинання болить",surgeon,medium,відчуваю що підозра на пупкову грижу випинання болить
У мене незначні перепади тиску вечорами,cardiologist,low,у мене незначні перепади тиску вечорами
У мого родича врослий ніготь на великому пальці ноги,surgeon,low,у мого родича врослий ніготь на великому пальці ноги
Раптово почалося: стара травма коліна ниє на зміну погоди,traumatologist,low,раптово почалося стара травма коліна ниє на зміну погоди
"Скажіть, будь ласка, чому нагноєння старої подряпини, легкий набряк",surgeon,low,скажіть будь ласка чому нагноєння старої подряпини легкий набряк
"Відчуваю, що раптово зник зір на одному оці, гострий біль всередині",ophthalmologist,high,відчуваю що раптово зник зір на одному оці гострий біль всередині
У мене періодично німіють мізинці на руках,neurologist,low,у мене періодично німіють мізинці на руках
"Сильно турбує те, що першіння в горлі та легкий нежить",therapist,low,сильно турбує те що першіння в горлі та легкий нежить
"Скажіть, будь ласка, чому відняло ліву ногу, сильне оніміння половини тіла",neurologist,high,скажіть будь ласка чому відняло ліву ногу сильне оніміння половини тіла
"Відкритий перелом, рука крива, сильний біль і шок",traumatologist,high,відкритий перелом рука крива сильний біль і шок
"Допоможіть, гострий ріжучий біль в правому боці живота, нудота",surgeon,high,допоможіть гострий ріжучий біль в правому боці живота нудота
"Сильно турбує те, що страшна мігрень, таблетки не допомагають",neurologist,medium,сильно турбує те що страшна мігрень таблетки не допомагають
"Відчуваю, що дуже лущиться шкіра на обличчі",dermatologist,low,відчуваю що дуже лущиться шкіра на обличчі
"Діабетична криза, втрата свідомості, різкий запах ацетону",endocrinologist,high,діабетична криза втрата свідомості різкий запах ацетону
"Вже кілька днів помітив кров у сечі, сильний біль у ділянці паху",urologist,high,вже кілька днів помітив кров у сечі сильний біль у ділянці паху
"Відчуваю, що першіння в носоглотці, сухість у носі",otolaryngologist,low,відчуваю що першіння в носоглотці сухість у носі
"Підкажіть, що робити, якщо постійна спрага, п'ю дуже багато води, сухо в роті",endocrinologist,medium,підкажіть що робити якщо постійна спрага п ю дуже багато води сухо в роті
Раптово почалося: важкість у шлунку та постійне здуття живота,gastroenterologist,low,раптово почалося важкість у шлунку та постійне здуття живота
"Гостра затримка сечі, нестерпний біль, ниркова коліка",urologist,high,гостра затримка сечі нестерпний біль ниркова коліка
"Раптово почалося: болить шлунок натщесерце, ниючий біль під ребрами",gastroenterologist,medium,раптово почалося болить шлунок натщесерце ниючий біль під ребрами
"У мене часті перепади настрою, збільшилася щитовидна залоза",endocrinologist,medium,у мене часті перепади настрою збільшилася щитовидна залоза
"Сильно турбує те, що періодично німіють мізинці на руках",neurologist,low,сильно турбує те що періодично німіють мізинці на руках
"Відчуваю, що стара травма коліна ниє на зміну погоди",traumatologist,low,відчуваю що стара травма коліна ниє на зміну погоди
"Скажіть, будь ласка, чому часті походи в туалет, але без болю",urologist,low,скажіть будь ласка чому часті походи в туалет але без болю
Вже кілька днів стара травма коліна ниє на зміну погоди,traumatologist,low,вже кілька днів стара травма коліна ниє на зміну погоди
"Відчуваю, що сильна носова кровотеча, яка йде вже півгодини",otolaryngologist,high,відчуваю що сильна носова кровотеча яка йде вже півгодини
У мого родича з'явилася лупа та свербіж голови,dermatologist,low,у мого родича з явилася лупа та свербіж голови
"Вже кілька днів різко почало випадати волосся, нігті ламаються",endocrinologist,low,вже кілька днів різко почало випадати волосся нігті ламаються
"У мого родича стороннє тіло у дихальних шляхах, дитина задихається",otolaryngologist,high,у мого родича стороннє тіло у дихальних шляхах дитина задихається
"Скажіть, будь ласка, чому печія після жирної їжі, легка гіркота в роті",gastroenterologist,low,скажіть будь ласка чому печія після жирної їжі легка гіркота в роті
"У мене сильна носова кровотеча, яка йде вже півгодини",otolaryngologist,high,у мене сильна носова кровотеча яка йде вже півгодини
"Нудота після їжі, кисла відрижка вже кілька днів",gastroenterologist,medium,нудота після їжі кисла відрижка вже кілька днів
"Підкажіть, що робити, якщо сильно болить горло, важко ковтати їжу",therapist,medium,підкажіть що робити якщо сильно болить горло важко ковтати їжу
"Раптово почалося: печія після жирної їжі, легка гіркота в роті",gastroenterologist,low,раптово почалося печія після жирної їжі легка гіркота в роті
Стара травма коліна ниє на зміну погоди,traumatologist,low,стара травма коліна ниє на зміну погоди
"Відчуваю, що періодичний ниючий біль у ділянці попереку",urologist,low,відчуваю що періодичний ниючий біль у ділянці попереку
"Допоможіть, сильний набряк повіки, вискочив великий ячмінь",ophthalmologist,medium,допоможіть сильний набряк повіки вискочив великий ячмінь
Вже кілька днів ниючий біль у шиї після роботи за комп'ютером,neurologist,low,вже кілька днів ниючий біль у шиї після роботи за комп ютером
"У мене постійна втома, немає сил зранку",therapist,low,у мене постійна втома немає сил зранку
"Сильно турбує те, що відняло ліву ногу, сильне оніміння половини тіла",neurologist,high,сильно турбує те що відняло ліву ногу сильне оніміння половини тіла
"У мого родича у немовляти температура 39, не збивається нурофеном",pediatrician,high,у мого родича у немовляти температура 39 не збивається нурофеном
Дуже лущиться шкіра на обличчі,dermatologist,low,дуже лущиться шкіра на обличчі
"Відчуваю, що страшна мігрень, таблетки не допомагають",neurologist,medium,відчуваю що страшна мігрень таблетки не допомагають
"У мене червона висипка на тілі, яка сильно чешеться",dermatologist,medium,у мене червона висипка на тілі яка сильно чешеться
"Скажіть, будь ласка, чому гострий ріжучий біль в правому боці живота, нудота",surgeon,high,скажіть будь ласка чому гострий ріжучий біль в правому боці живота нудота
"Скажіть, будь ласка, чому різко набрав вагу, хоча дієта не змінювалася",endocrinologist,low,скажіть будь ласка чому різко набрав вагу хоча дієта не змінювалася
"Сильно турбує те, що малюк погано спить, капризує під час годування",pediatrician,low,сильно турбує те що малюк погано спить капризує під час годування
У мене періодичні закрепи або проблеми з травленням,gastroenterologist,low,у мене періодичні закрепи або проблеми з травленням
"Сильно турбує те, що нагноєння старої подряпини, легкий набряк",surgeon,low,сильно турбує те що нагноєння старої подряпини легкий набряк
У мого родича в око потрапила хімічна речовина або залізна стружка,ophthalmologist,high,у мого родича в око потрапила хімічна речовина або залізна стружка
"Підкажіть, що робити, якщо стріляє в спині, защемило нерв, не можу розігнутися",neurologist,high,підкажіть що робити якщо стріляє в спині защемило нерв не можу розігнутися
"У мене ангіна, білий наліт на мигдаликах, важко ковтати",otolaryngologist,medium,у мене ангіна білий наліт на мигдаликах важко ковтати
Задишка при мінімальних фізичних навантаженнях,cardiologist,medium,задишка при мінімальних фізичних навантаженнях
"Сильно турбує те, що ангіна, білий наліт на мигдаликах, важко ковтати",otolaryngologist,medium,сильно турбує те що ангіна білий наліт на мигдаликах важко ковтати
"У мене часті походи в туалет, але без болю",urologist,low,у мене часті походи в туалет але без болю
У мого родича незначні перепади тиску вечорами,cardiologist,low,у мого родича незначні перепади тиску вечорами
"Вже кілька днів запалився лімфовузол під пахвою, боляче торкатися",surgeon,medium,вже кілька днів запалився лімфовузол під пахвою боляче торкатися
"Допоможіть, іноді покалює зліва в грудях під час ходьби",cardiologist,low,допоможіть іноді покалює зліва в грудях під час ходьби
"Підкажіть, що робити, якщо у немовляти температура 39, не збивається нурофеном",pediatrician,high,підкажіть що робити якщо у немовляти температура 39 не збивається нурофеном
Врослий ніготь на великому пальці ноги,surgeon,low,врослий ніготь на великому пальці ноги
Раптово почалося: водянисті пухирі на ногах після алергії,dermatologist,medium,раптово почалося водянисті пухирі на ногах після алергії
"Відчуваю, що дитина задихається від гавкаючого кашлю, синіють губи",pediatrician,high,відчуваю що дитина задихається від гавкаючого кашлю синіють губи
"У мене прискорене серцебиття, пульс 110 в стані спокою",cardiologist,medium,у мене прискорене серцебиття пульс 110 в стані спокою
"Раптово почалося: глибокий поріз склом, сильна кровотеча не зупиняється",traumatologist,high,раптово почалося глибокий поріз склом сильна кровотеча не зупиняється
"Постійна втома, немає сил зранку",therapist,low,постійна втома немає сил зранку
"Почав гірше бачити текст вдалині, розмиваються літери",ophthalmologist,low,почав гірше бачити текст вдалині розмиваються літери
"У мене сухий кашель, важко вдихнути повітря, хрипи в легенях",therapist,high,у мене сухий кашель важко вдихнути повітря хрипи в легенях
"Відчуваю, що скаче пульс після кави або чаю",cardiologist,low,відчуваю що скаче пульс після кави або чаю
"Страшна мігрень, таблетки не допомагають",neurologist,medium,страшна мігрень таблетки не допомагають
Профілактичний огляд чоловічого здоров'я,urologist,low,профілактичний огляд чоловічого здоров я
"Скажіть, будь ласка, чому у донечки висип по всьому тілу, схоже на вітрянку",pediatrician,medium,скажіть будь ласка чому у донечки висип по всьому тілу схоже на вітрянку
Вже кілька днів скаче пульс після кави або чаю,cardiologist,low,вже кілька днів скаче пульс після кави або чаю
